user_id,pred_prob,buy,proxy_segment,group_low_threshold,group_high_threshold
user_000001,0.4,1,buyer_gray_zone,0.2655023610877692,0.7082780330950594
user_000002,0.31,0,nonbuyer_gray_zone,0.2714162911389858,0.7400885571205281
user_000003,0.56,1,buyer_gray_zone,0.2655023610877692,0.7082780330950594
user_000004,0.59,0,nonbuyer_gray_zone,0.2714162911389858,0.7400885571205281
user_000005,0.76,0,potential_buyer_proxy,0.2714162911389858,0.7400885571205281
user_000006,0.65,1,buyer_gray_zone,0.2655023610877692,0.7082780330950594
user_000007,0.63,0,nonbuyer_gray_zone,0.2714162911389858,0.7400885571205281
user_000008,0.9,1,potential_repeater_proxy,0.2655023610877692,0.7082780330950594
user_000009,0.18,0,non_buyer_proxy,0.2714162911389858,0.7400885571205281
user_000010,0.67,1,buyer_gray_zone,0.2655023610877692,0.7082780330950594
user_000011,0.04,0,non_buyer_proxy,0.2714162911389858,0.7400885571205281
user_000012,0.17,0,non_buyer_proxy,0.2714162911389858,0.7400885571205281
user_000013,0.49,1,buyer_gray_zone,0.2655023610877692,0.7082780330950594
user_000014,0.4,0,nonbuyer_gray_zone,0.2714162911389858,0.7400885571205281
user_000015,0.65,0,nonbuyer_gray_zone,0.2714162911389858,0.7400885571205281
user_000016,0.13,1,one_time_buyer_proxy,0.2655023610877692,0.7082780330950594
user_000017,0.21,0,non_buyer_proxy,0.2714162911389858,0.7400885571205281
user_000018,0.69,0,nonbuyer_gray_zone,0.2714162911389858,0.7400885571205281
user_000019,0.35,1,buyer_gray_zone,0.2655023610877692,0.7082780330950594
user_000020,0.29,1,buyer_gray_zone,0.2655023610877692,0.7082780330950594
user_000021,0.42,1,buyer_gray_zone,0.2655023610877692,0.7082780330950594
user_000022,0.31,0,nonbuyer_gray_zone,0.2714162911389858,0.7400885571205281
user_000023,0.94,0,potential_buyer_proxy,0.2714162911389858,0.7400885571205281
user_000024,0.85,0,potential_buyer_proxy,0.2714162911389858,0.7400885571205281
user_000025,0.62,0,nonbuyer_gray_zone,0.2714162911389858,0.7400885571205281
user_000026,0.81,1,potential_repeater_proxy,0.2655023610877692,0.7082780330950594
user_000027,0.76,0,potential_buyer_proxy,0.2714162911389858,0.7400885571205281
user_000028,0.44,1,buyer_gray_zone,0.2655023610877692,0.7082780330950594
user_000029,0.3,0,nonbuyer_gray_zone,0.2714162911389858,0.7400885571205281
user_000030,0.29,1,buyer_gray_zone,0.2655023610877692,0.7082780330950594
user_000031,0.15,0,non_buyer_proxy,0.2714162911389858,0.7400885571205281
user_000032,0.76,1,potential_repeater_proxy,0.2655023610877692,0.7082780330950594
user_000033,0.43,0,nonbuyer_gray_zone,0.2714162911389858,0.7400885571205281
user_000034,0.94,1,potential_repeater_proxy,0.2655023610877692,0.7082780330950594
user_000035,0.98,1,potential_repeater_proxy,0.2655023610877692,0.7082780330950594
user_000036,0.08,0,non_buyer_proxy,0.2714162911389858,0.7400885571205281
user_000037,0.27,0,non_buyer_proxy,0.2714162911389858,0.7400885571205281
user_000038,0.73,0,nonbuyer_gray_zone,0.2714162911389858,0.7400885571205281
user_000039,0.49,1,buyer_gray_zone,0.2655023610877692,0.7082780330950594
user_000040,0.49,0,nonbuyer_gray_zone,0.2714162911389858,0.7400885571205281
user_000041,0.8,0,potential_buyer_proxy,0.2714162911389858,0.7400885571205281
user_000042,0.42,1,buyer_gray_zone,0.2655023610877692,0.7082780330950594
user_000043,0.94,1,potential_repeater_proxy,0.2655023610877692,0.7082780330950594
user_000044,0.79,0,potential_buyer_proxy,0.2714162911389858,0.7400885571205281
user_000045,0.11,0,non_buyer_proxy,0.2714162911389858,0.7400885571205281
user_000046,0.84,1,potential_repeater_proxy,0.2655023610877692,0.7082780330950594
user_000047,0.54,1,buyer_gray_zone,0.2655023610877692,0.7082780330950594
user_000048,0.13,0,non_buyer_proxy,0.2714162911389858,0.7400885571205281
user_000049,0.52,1,buyer_gray_zone,0.2655023610877692,0.7082780330950594
user_000050,0.08,1,one_time_buyer_proxy,0.2655023610877692,0.7082780330950594
user_000051,0.92,0,potential_buyer_proxy,0.2714162911389858,0.7400885571205281
user_000052,0.57,0,nonbuyer_gray_zone,0.2714162911389858,0.7400885571205281
user_000053,0.51,0,nonbuyer_gray_zone,0.2714162911389858,0.7400885571205281
user_000054,0.72,1,potential_repeater_proxy,0.2655023610877692,0.7082780330950594
user_000055,0.86,1,potential_repeater_proxy,0.2655023610877692,0.7082780330950594
user_000056,0.23,0,non_buyer_proxy,0.2714162911389858,0.7400885571205281
user_000057,0.68,0,nonbuyer_gray_zone,0.2714162911389858,0.7400885571205281
user_000058,0.91,1,potential_repeater_proxy,0.2655023610877692,0.7082780330950594
user_000059,0.5,1,buyer_gray_zone,0.2655023610877692,0.7082780330950594
user_000060,0.65,0,nonbuyer_gray_zone,0.2714162911389858,0.7400885571205281
user_000061,0.46,0,nonbuyer_gray_zone,0.2714162911389858,0.7400885571205281
user_000062,0.32,1,buyer_gray_zone,0.2655023610877692,0.7082780330950594
user_000063,0.6,0,nonbuyer_gray_zone,0.2714162911389858,0.7400885571205281
user_000064,0.19,1,one_time_buyer_proxy,0.2655023610877692,0.7082780330950594
user_000065,0.17,1,one_time_buyer_proxy,0.2655023610877692,0.7082780330950594
user_000066,0.79,0,potential_buyer_proxy,0.2714162911389858,0.7400885571205281
user_000067,0.78,1,potential_repeater_proxy,0.2655023610877692,0.7082780330950594
user_000068,0.58,1,buyer_gray_zone,0.2655023610877692,0.7082780330950594
user_000069,0.1,1,one_time_buyer_proxy,0.2655023610877692,0.7082780330950594
user_000070,0.24,0,non_buyer_proxy,0.2714162911389858,0.7400885571205281
user_000071,0.07,0,non_buyer_proxy,0.2714162911389858,0.7400885571205281
user_000072,0.54,1,buyer_gray_zone,0.2655023610877692,0.7082780330950594
user_000073,0.14,1,one_time_buyer_proxy,0.2655023610877692,0.7082780330950594
user_000074,0.8,1,potential_repeater_proxy,0.2655023610877692,0.7082780330950594
user_000075,0.48,1,buyer_gray_zone,0.2655023610877692,0.7082780330950594
user_000076,0.52,0,nonbuyer_gray_zone,0.2714162911389858,0.7400885571205281
user_000077,0.85,1,potential_repeater_proxy,0.2655023610877692,0.7082780330950594
user_000078,0.88,1,potential_repeater_proxy,0.2655023610877692,0.7082780330950594
user_000079,0.05,0,non_buyer_proxy,0.2714162911389858,0.7400885571205281
user_000080,0.74,1,potential_repeater_proxy,0.2655023610877692,0.7082780330950594
user_000081,0.95,1,potential_repeater_proxy,0.2655023610877692,0.7082780330950594
user_000082,0.29,1,buyer_gray_zone,0.2655023610877692,0.7082780330950594
user_000083,0.37,1,buyer_gray_zone,0.2655023610877692,0.7082780330950594
user_000084,0.8,1,potential_repeater_proxy,0.2655023610877692,0.7082780330950594
user_000085,0.8,1,potential_repeater_proxy,0.2655023610877692,0.7082780330950594
user_000086,0.24,1,one_time_buyer_proxy,0.2655023610877692,0.7082780330950594
user_000087,0.37,1,buyer_gray_zone,0.2655023610877692,0.7082780330950594
user_000088,0.16,0,non_buyer_proxy,0.2714162911389858,0.7400885571205281
user_000089,0.65,0,nonbuyer_gray_zone,0.2714162911389858,0.7400885571205281
user_000090,0.34,0,nonbuyer_gray_zone,0.2714162911389858,0.7400885571205281
user_000091,0.91,1,potential_repeater_proxy,0.2655023610877692,0.7082780330950594
user_000092,0.9,0,potential_buyer_proxy,0.2714162911389858,0.7400885571205281
user_000093,0.17,0,non_buyer_proxy,0.2714162911389858,0.7400885571205281
user_000094,0.92,1,potential_repeater_proxy,0.2655023610877692,0.7082780330950594
user_000095,0.3,1,buyer_gray_zone,0.2655023610877692,0.7082780330950594
user_000096,0.14,0,non_buyer_proxy,0.2714162911389858,0.7400885571205281
user_000097,0.85,1,potential_repeater_proxy,0.2655023610877692,0.7082780330950594
user_000098,0.1,0,non_buyer_proxy,0.2714162911389858,0.7400885571205281
user_000099,0.04,0,non_buyer_proxy,0.2714162911389858,0.7400885571205281
user_000100,0.14,1,one_time_buyer_proxy,0.2655023610877692,0.7082780330950594
user_000101,0.73,1,potential_repeater_proxy,0.2655023610877692,0.7082780330950594
user_000102,0.1,0,non_buyer_proxy,0.2714162911389858,0.7400885571205281
user_000103,0.82,0,potential_buyer_proxy,0.2714162911389858,0.7400885571205281
user_000104,0.51,0,nonbuyer_gray_zone,0.2714162911389858,0.7400885571205281
user_000105,0.58,1,buyer_gray_zone,0.2655023610877692,0.7082780330950594
user_000106,0.95,1,potential_repeater_proxy,0.2655023610877692,0.7082780330950594
user_000107,0.04,0,non_buyer_proxy,0.2714162911389858,0.7400885571205281
user_000108,0.24,0,non_buyer_proxy,0.2714162911389858,0.7400885571205281
user_000109,0.25,1,one_time_buyer_proxy,0.2655023610877692,0.7082780330950594
user_000110,0.17,1,one_time_buyer_proxy,0.2655023610877692,0.7082780330950594
user_000111,0.22,1,one_time_buyer_proxy,0.2655023610877692,0.7082780330950594
user_000112,0.12,0,non_buyer_proxy,0.2714162911389858,0.7400885571205281
user_000113,0.08,1,one_time_buyer_proxy,0.2655023610877692,0.7082780330950594
user_000114,0.54,1,buyer_gray_zone,0.2655023610877692,0.7082780330950594
user_000115,0.08,1,one_time_buyer_proxy,0.2655023610877692,0.7082780330950594
user_000116,0.46,1,buyer_gray_zone,0.2655023610877692,0.7082780330950594
user_000117,0.42,0,nonbuyer_gray_zone,0.2714162911389858,0.7400885571205281
user_000118,0.34,0,nonbuyer_gray_zone,0.2714162911389858,0.7400885571205281
user_000119,0.34,0,nonbuyer_gray_zone,0.2714162911389858,0.7400885571205281
user_000120,0.38,0,nonbuyer_gray_zone,0.2714162911389858,0.7400885571205281
user_000121,0.62,0,nonbuyer_gray_zone,0.2714162911389858,0.7400885571205281
user_000122,0.3,0,nonbuyer_gray_zone,0.2714162911389858,0.7400885571205281
user_000123,0.47,1,buyer_gray_zone,0.2655023610877692,0.7082780330950594
user_000124,0.5,0,nonbuyer_gray_zone,0.2714162911389858,0.7400885571205281
user_000125,0.26,1,one_time_buyer_proxy,0.2655023610877692,0.7082780330950594
user_000126,0.86,1,potential_repeater_proxy,0.2655023610877692,0.7082780330950594
user_000127,0.46,0,nonbuyer_gray_zone,0.2714162911389858,0.7400885571205281
user_000128,0.1,1,one_time_buyer_proxy,0.2655023610877692,0.7082780330950594
user_000129,0.62,1,buyer_gray_zone,0.2655023610877692,0.7082780330950594
user_000130,0.6,1,buyer_gray_zone,0.2655023610877692,0.7082780330950594
user_000131,0.49,1,buyer_gray_zone,0.2655023610877692,0.7082780330950594
user_000132,0.2,0,non_buyer_proxy,0.2714162911389858,0.7400885571205281
user_000133,0.12,1,one_time_buyer_proxy,0.2655023610877692,0.7082780330950594
user_000134,0.59,1,buyer_gray_zone,0.2655023610877692,0.7082780330950594
user_000135,0.49,0,nonbuyer_gray_zone,0.2714162911389858,0.7400885571205281
user_000136,0.53,1,buyer_gray_zone,0.2655023610877692,0.7082780330950594
user_000137,0.68,1,buyer_gray_zone,0.2655023610877692,0.7082780330950594
user_000138,0.98,0,potential_buyer_proxy,0.2714162911389858,0.7400885571205281
user_000139,0.19,1,one_time_buyer_proxy,0.2655023610877692,0.7082780330950594
user_000140,0.06,1,one_time_buyer_proxy,0.2655023610877692,0.7082780330950594
user_000141,0.86,1,potential_repeater_proxy,0.2655023610877692,0.7082780330950594
user_000142,0.82,1,potential_repeater_proxy,0.2655023610877692,0.7082780330950594
user_000143,0.34,0,nonbuyer_gray_zone,0.2714162911389858,0.7400885571205281
user_000144,0.09,0,non_buyer_proxy,0.2714162911389858,0.7400885571205281
user_000145,0.23,1,one_time_buyer_proxy,0.2655023610877692,0.7082780330950594
user_000146,0.35,1,buyer_gray_zone,0.2655023610877692,0.7082780330950594
user_000147,0.54,0,nonbuyer_gray_zone,0.2714162911389858,0.7400885571205281
user_000148,0.67,0,nonbuyer_gray_zone,0.2714162911389858,0.7400885571205281
user_000149,0.56,0,nonbuyer_gray_zone,0.2714162911389858,0.7400885571205281
user_000150,0.33,1,buyer_gray_zone,0.2655023610877692,0.7082780330950594
user_000151,0.14,1,one_time_buyer_proxy,0.2655023610877692,0.7082780330950594
user_000152,0.58,0,nonbuyer_gray_zone,0.2714162911389858,0.7400885571205281
user_000153,0.9,1,potential_repeater_proxy,0.2655023610877692,0.7082780330950594
user_000154,0.92,1,potential_repeater_proxy,0.2655023610877692,0.7082780330950594
user_000155,0.68,0,nonbuyer_gray_zone,0.2714162911389858,0.7400885571205281
user_000156,0.51,1,buyer_gray_zone,0.2655023610877692,0.7082780330950594
user_000157,0.49,0,nonbuyer_gray_zone,0.2714162911389858,0.7400885571205281
user_000158,0.83,1,potential_repeater_proxy,0.2655023610877692,0.7082780330950594
user_000159,0.58,0,nonbuyer_gray_zone,0.2714162911389858,0.7400885571205281
user_000160,0.91,1,potential_repeater_proxy,0.2655023610877692,0.7082780330950594
user_000161,0.46,0,nonbuyer_gray_zone,0.2714162911389858,0.7400885571205281
user_000162,0.16,1,one_time_buyer_proxy,0.2655023610877692,0.7082780330950594
user_000163,0.4,0,nonbuyer_gray_zone,0.2714162911389858,0.7400885571205281
user_000164,0.58,1,buyer_gray_zone,0.2655023610877692,0.7082780330950594
user_000165,0.63,0,nonbuyer_gray_zone,0.2714162911389858,0.7400885571205281
user_000166,0.14,0,non_buyer_proxy,0.2714162911389858,0.7400885571205281
user_000167,0.63,1,buyer_gray_zone,0.2655023610877692,0.7082780330950594
user_000168,0.05,1,one_time_buyer_proxy,0.2655023610877692,0.7082780330950594
user_000169,0.52,1,buyer_gray_zone,0.2655023610877692,0.7082780330950594
user_000170,0.43,1,buyer_gray_zone,0.2655023610877692,0.7082780330950594
user_000171,0.88,1,potential_repeater_proxy,0.2655023610877692,0.7082780330950594
user_000172,0.24,1,one_time_buyer_proxy,0.2655023610877692,0.7082780330950594
user_000173,0.89,0,potential_buyer_proxy,0.2714162911389858,0.7400885571205281
user_000174,0.92,1,potential_repeater_proxy,0.2655023610877692,0.7082780330950594
user_000175,0.06,0,non_buyer_proxy,0.2714162911389858,0.7400885571205281
user_000176,0.22,0,non_buyer_proxy,0.2714162911389858,0.7400885571205281
user_000177,0.04,0,non_buyer_proxy,0.2714162911389858,0.7400885571205281
user_000178,0.18,1,one_time_buyer_proxy,0.2655023610877692,0.7082780330950594
user_000179,0.88,1,potential_repeater_proxy,0.2655023610877692,0.7082780330950594
user_000180,0.59,1,buyer_gray_zone,0.2655023610877692,0.7082780330950594
user_000181,0.55,0,nonbuyer_gray_zone,0.2714162911389858,0.7400885571205281
user_000182,0.05,0,non_buyer_proxy,0.2714162911389858,0.7400885571205281
user_000183,0.56,0,nonbuyer_gray_zone,0.2714162911389858,0.7400885571205281
user_000184,0.12,0,non_buyer_proxy,0.2714162911389858,0.7400885571205281
user_000185,0.08,0,non_buyer_proxy,0.2714162911389858,0.7400885571205281
user_000186,0.89,0,potential_buyer_proxy,0.2714162911389858,0.7400885571205281
user_000187,0.24,1,one_time_buyer_proxy,0.2655023610877692,0.7082780330950594
user_000188,0.14,0,non_buyer_proxy,0.2714162911389858,0.7400885571205281
user_000189,0.32,1,buyer_gray_zone,0.2655023610877692,0.7082780330950594
user_000190,0.22,0,non_buyer_proxy,0.2714162911389858,0.7400885571205281
user_000191,0.16,1,one_time_buyer_proxy,0.2655023610877692,0.7082780330950594
user_000192,0.95,1,potential_repeater_proxy,0.2655023610877692,0.7082780330950594
user_000193,0.67,1,buyer_gray_zone,0.2655023610877692,0.7082780330950594
user_000194,0.14,0,non_buyer_proxy,0.2714162911389858,0.7400885571205281
user_000195,0.29,0,nonbuyer_gray_zone,0.2714162911389858,0.7400885571205281
user_000196,0.54,1,buyer_gray_zone,0.2655023610877692,0.7082780330950594
user_000197,0.67,0,nonbuyer_gray_zone,0.2714162911389858,0.7400885571205281
user_000198,0.87,1,potential_repeater_proxy,0.2655023610877692,0.7082780330950594
user_000199,0.4,0,nonbuyer_gray_zone,0.2714162911389858,0.7400885571205281
user_000200,0.09,1,one_time_buyer_proxy,0.2655023610877692,0.7082780330950594
user_000201,0.84,1,potential_repeater_proxy,0.2655023610877692,0.7082780330950594
user_000202,0.09,0,non_buyer_proxy,0.2714162911389858,0.7400885571205281
user_000203,0.5,1,buyer_gray_zone,0.2655023610877692,0.7082780330950594
user_000204,0.41,1,buyer_gray_zone,0.2655023610877692,0.7082780330950594
user_000205,0.95,1,potential_repeater_proxy,0.2655023610877692,0.7082780330950594
user_000206,0.18,0,non_buyer_proxy,0.2714162911389858,0.7400885571205281
user_000207,0.88,1,potential_repeater_proxy,0.2655023610877692,0.7082780330950594
user_000208,0.56,1,buyer_gray_zone,0.2655023610877692,0.7082780330950594
user_000209,0.69,1,buyer_gray_zone,0.2655023610877692,0.7082780330950594
user_000210,0.41,0,nonbuyer_gray_zone,0.2714162911389858,0.7400885571205281
user_000211,0.64,1,buyer_gray_zone,0.2655023610877692,0.7082780330950594
user_000212,0.54,1,buyer_gray_zone,0.2655023610877692,0.7082780330950594
user_000213,0.1,1,one_time_buyer_proxy,0.2655023610877692,0.7082780330950594
user_000214,0.22,0,non_buyer_proxy,0.2714162911389858,0.7400885571205281
user_000215,0.39,1,buyer_gray_zone,0.2655023610877692,0.7082780330950594
user_000216,0.32,0,nonbuyer_gray_zone,0.2714162911389858,0.7400885571205281
user_000217,0.65,0,nonbuyer_gray_zone,0.2714162911389858,0.7400885571205281
user_000218,0.75,0,potential_buyer_proxy,0.2714162911389858,0.7400885571205281
user_000219,0.06,1,one_time_buyer_proxy,0.2655023610877692,0.7082780330950594
user_000220,0.65,1,buyer_gray_zone,0.2655023610877692,0.7082780330950594
user_000221,0.71,1,potential_repeater_proxy,0.2655023610877692,0.7082780330950594
user_000222,0.9,0,potential_buyer_proxy,0.2714162911389858,0.7400885571205281
user_000223,0.84,0,potential_buyer_proxy,0.2714162911389858,0.7400885571205281
user_000224,0.14,0,non_buyer_proxy,0.2714162911389858,0.7400885571205281
user_000225,0.53,1,buyer_gray_zone,0.2655023610877692,0.7082780330950594
user_000226,0.07,0,non_buyer_proxy,0.2714162911389858,0.7400885571205281
user_000227,0.57,0,nonbuyer_gray_zone,0.2714162911389858,0.7400885571205281
user_000228,0.1,1,one_time_buyer_proxy,0.2655023610877692,0.7082780330950594
user_000229,0.17,0,non_buyer_proxy,0.2714162911389858,0.7400885571205281
user_000230,0.87,1,potential_repeater_proxy,0.2655023610877692,0.7082780330950594
user_000231,0.56,0,nonbuyer_gray_zone,0.2714162911389858,0.7400885571205281
user_000232,0.95,1,potential_repeater_proxy,0.2655023610877692,0.7082780330950594
user_000233,0.62,0,nonbuyer_gray_zone,0.2714162911389858,0.7400885571205281
user_000234,0.87,0,potential_buyer_proxy,0.2714162911389858,0.7400885571205281
user_000235,0.21,0,non_buyer_proxy,0.2714162911389858,0.7400885571205281
user_000236,0.49,1,buyer_gray_zone,0.2655023610877692,0.7082780330950594
user_000237,0.42,0,nonbuyer_gray_zone,0.2714162911389858,0.7400885571205281
user_000238,0.88,0,potential_buyer_proxy,0.2714162911389858,0.7400885571205281
user_000239,0.31,0,nonbuyer_gray_zone,0.2714162911389858,0.7400885571205281
user_000240,0.38,1,buyer_gray_zone,0.2655023610877692,0.7082780330950594
user_000241,0.34,0,nonbuyer_gray_zone,0.2714162911389858,0.7400885571205281
user_000242,0.43,1,buyer_gray_zone,0.2655023610877692,0.7082780330950594
user_000243,0.14,0,non_buyer_proxy,0.2714162911389858,0.7400885571205281
user_000244,0.32,0,nonbuyer_gray_zone,0.2714162911389858,0.7400885571205281
user_000245,0.7,1,buyer_gray_zone,0.2655023610877692,0.7082780330950594
user_000246,0.51,1,buyer_gray_zone,0.2655023610877692,0.7082780330950594
user_000247,0.35,0,nonbuyer_gray_zone,0.2714162911389858,0.7400885571205281
user_000248,0.82,0,potential_buyer_proxy,0.2714162911389858,0.7400885571205281
user_000249,0.24,1,one_time_buyer_proxy,0.2655023610877692,0.7082780330950594
user_000250,0.21,0,non_buyer_proxy,0.2714162911389858,0.7400885571205281
user_000251,0.26,1,one_time_buyer_proxy,0.2655023610877692,0.7082780330950594
user_000252,0.43,1,buyer_gray_zone,0.2655023610877692,0.7082780330950594
user_000253,0.5,0,nonbuyer_gray_zone,0.2714162911389858,0.7400885571205281
user_000254,0.91,1,potential_repeater_proxy,0.2655023610877692,0.7082780330950594
user_000255,0.14,0,non_buyer_proxy,0.2714162911389858,0.7400885571205281
user_000256,0.43,1,buyer_gray_zone,0.2655023610877692,0.7082780330950594
user_000257,0.93,1,potential_repeater_proxy,0.2655023610877692,0.7082780330950594
user_000258,0.08,1,one_time_buyer_proxy,0.2655023610877692,0.7082780330950594
user_000259,0.89,1,potential_repeater_proxy,0.2655023610877692,0.7082780330950594
user_000260,0.79,0,potential_buyer_proxy,0.2714162911389858,0.7400885571205281
user_000261,0.21,1,one_time_buyer_proxy,0.2655023610877692,0.7082780330950594
user_000262,0.78,1,potential_repeater_proxy,0.2655023610877692,0.7082780330950594
user_000263,0.53,1,buyer_gray_zone,0.2655023610877692,0.7082780330950594
user_000264,0.49,0,nonbuyer_gray_zone,0.2714162911389858,0.7400885571205281
user_000265,0.16,0,non_buyer_proxy,0.2714162911389858,0.7400885571205281
user_000266,0.49,1,buyer_gray_zone,0.2655023610877692,0.7082780330950594
user_000267,0.26,0,non_buyer_proxy,0.2714162911389858,0.7400885571205281
user_000268,0.62,1,buyer_gray_zone,0.2655023610877692,0.7082780330950594
user_000269,0.1,1,one_time_buyer_proxy,0.2655023610877692,0.7082780330950594
user_000270,0.62,1,buyer_gray_zone,0.2655023610877692,0.7082780330950594
user_000271,0.6,1,buyer_gray_zone,0.2655023610877692,0.7082780330950594
user_000272,0.53,1,buyer_gray_zone,0.2655023610877692,0.7082780330950594
user_000273,0.51,1,buyer_gray_zone,0.2655023610877692,0.7082780330950594
user_000274,0.36,1,buyer_gray_zone,0.2655023610877692,0.7082780330950594
user_000275,0.18,1,one_time_buyer_proxy,0.2655023610877692,0.7082780330950594
user_000276,0.43,0,nonbuyer_gray_zone,0.2714162911389858,0.7400885571205281
user_000277,0.93,0,potential_buyer_proxy,0.2714162911389858,0.7400885571205281
user_000278,0.54,1,buyer_gray_zone,0.2655023610877692,0.7082780330950594
user_000279,0.54,1,buyer_gray_zone,0.2655023610877692,0.7082780330950594
user_000280,0.39,0,nonbuyer_gray_zone,0.2714162911389858,0.7400885571205281
user_000281,0.56,0,nonbuyer_gray_zone,0.2714162911389858,0.7400885571205281
user_000282,0.8,0,potential_buyer_proxy,0.2714162911389858,0.7400885571205281
user_000283,0.72,0,nonbuyer_gray_zone,0.2714162911389858,0.7400885571205281
user_000284,0.58,0,nonbuyer_gray_zone,0.2714162911389858,0.7400885571205281
user_000285,0.38,0,nonbuyer_gray_zone,0.2714162911389858,0.7400885571205281
user_000286,0.82,1,potential_repeater_proxy,0.2655023610877692,0.7082780330950594
user_000287,0.74,1,potential_repeater_proxy,0.2655023610877692,0.7082780330950594
user_000288,0.77,0,potential_buyer_proxy,0.2714162911389858,0.7400885571205281
user_000289,0.08,0,non_buyer_proxy,0.2714162911389858,0.7400885571205281
user_000290,0.82,1,potential_repeater_proxy,0.2655023610877692,0.7082780330950594
user_000291,0.89,1,potential_repeater_proxy,0.2655023610877692,0.7082780330950594
user_000292,0.02,0,non_buyer_proxy,0.2714162911389858,0.7400885571205281
user_000293,0.14,0,non_buyer_proxy,0.2714162911389858,0.7400885571205281
user_000294,0.57,0,nonbuyer_gray_zone,0.2714162911389858,0.7400885571205281
user_000295,0.87,1,potential_repeater_proxy,0.2655023610877692,0.7082780330950594
user_000296,0.55,1,buyer_gray_zone,0.2655023610877692,0.7082780330950594
user_000297,0.28,1,buyer_gray_zone,0.2655023610877692,0.7082780330950594
user_000298,0.7,1,buyer_gray_zone,0.2655023610877692,0.7082780330950594
user_000299,0.04,0,non_buyer_proxy,0.2714162911389858,0.7400885571205281
user_000300,0.16,0,non_buyer_proxy,0.2714162911389858,0.7400885571205281
user_000301,0.96,1,potential_repeater_proxy,0.2655023610877692,0.7082780330950594
user_000302,0.88,1,potential_repeater_proxy,0.2655023610877692,0.7082780330950594
user_000303,0.95,0,potential_buyer_proxy,0.2714162911389858,0.7400885571205281
user_000304,0.05,0,non_buyer_proxy,0.2714162911389858,0.7400885571205281
user_000305,0.21,0,non_buyer_proxy,0.2714162911389858,0.7400885571205281
user_000306,0.22,1,one_time_buyer_proxy,0.2655023610877692,0.7082780330950594
user_000307,0.83,1,potential_repeater_proxy,0.2655023610877692,0.7082780330950594
user_000308,0.62,0,nonbuyer_gray_zone,0.2714162911389858,0.7400885571205281
user_000309,0.09,1,one_time_buyer_proxy,0.2655023610877692,0.7082780330950594
user_000310,0.21,0,non_buyer_proxy,0.2714162911389858,0.7400885571205281
user_000311,0.92,0,potential_buyer_proxy,0.2714162911389858,0.7400885571205281
user_000312,0.24,0,non_buyer_proxy,0.2714162911389858,0.7400885571205281
user_000313,0.24,1,one_time_buyer_proxy,0.2655023610877692,0.7082780330950594
user_000314,0.92,1,potential_repeater_proxy,0.2655023610877692,0.7082780330950594
user_000315,0.82,0,potential_buyer_proxy,0.2714162911389858,0.7400885571205281
user_000316,0.7,1,buyer_gray_zone,0.2655023610877692,0.7082780330950594
user_000317,0.17,0,non_buyer_proxy,0.2714162911389858,0.7400885571205281
user_000318,0.88,1,potential_repeater_proxy,0.2655023610877692,0.7082780330950594
user_000319,0.08,0,non_buyer_proxy,0.2714162911389858,0.7400885571205281
user_000320,0.11,1,one_time_buyer_proxy,0.2655023610877692,0.7082780330950594
user_000321,0.69,0,nonbuyer_gray_zone,0.2714162911389858,0.7400885571205281
user_000322,0.4,1,buyer_gray_zone,0.2655023610877692,0.7082780330950594
user_000323,0.5,0,nonbuyer_gray_zone,0.2714162911389858,0.7400885571205281
user_000324,0.2,0,non_buyer_proxy,0.2714162911389858,0.7400885571205281
user_000325,0.18,1,one_time_buyer_proxy,0.2655023610877692,0.7082780330950594
user_000326,0.96,1,potential_repeater_proxy,0.2655023610877692,0.7082780330950594
user_000327,0.51,0,nonbuyer_gray_zone,0.2714162911389858,0.7400885571205281
user_000328,0.84,0,potential_buyer_proxy,0.2714162911389858,0.7400885571205281
user_000329,0.11,0,non_buyer_proxy,0.2714162911389858,0.7400885571205281
user_000330,0.95,1,potential_repeater_proxy,0.2655023610877692,0.7082780330950594
user_000331,0.49,1,buyer_gray_zone,0.2655023610877692,0.7082780330950594
user_000332,0.55,1,buyer_gray_zone,0.2655023610877692,0.7082780330950594
user_000333,0.41,1,buyer_gray_zone,0.2655023610877692,0.7082780330950594
user_000334,0.37,0,nonbuyer_gray_zone,0.2714162911389858,0.7400885571205281
user_000335,0.27,0,non_buyer_proxy,0.2714162911389858,0.7400885571205281
user_000336,0.2,0,non_buyer_proxy,0.2714162911389858,0.7400885571205281
user_000337,0.62,0,nonbuyer_gray_zone,0.2714162911389858,0.7400885571205281
user_000338,0.84,0,potential_buyer_proxy,0.2714162911389858,0.7400885571205281
user_000339,0.46,1,buyer_gray_zone,0.2655023610877692,0.7082780330950594
user_000340,0.58,1,buyer_gray_zone,0.2655023610877692,0.7082780330950594
user_000341,0.8,1,potential_repeater_proxy,0.2655023610877692,0.7082780330950594
user_000342,0.55,0,nonbuyer_gray_zone,0.2714162911389858,0.7400885571205281
user_000343,0.57,1,buyer_gray_zone,0.2655023610877692,0.7082780330950594
user_000344,0.38,0,nonbuyer_gray_zone,0.2714162911389858,0.7400885571205281
user_000345,0.09,0,non_buyer_proxy,0.2714162911389858,0.7400885571205281
user_000346,0.59,0,nonbuyer_gray_zone,0.2714162911389858,0.7400885571205281
user_000347,0.46,0,nonbuyer_gray_zone,0.2714162911389858,0.7400885571205281
user_000348,0.61,0,nonbuyer_gray_zone,0.2714162911389858,0.7400885571205281
user_000349,0.36,1,buyer_gray_zone,0.2655023610877692,0.7082780330950594
user_000350,0.11,1,one_time_buyer_proxy,0.2655023610877692,0.7082780330950594
user_000351,0.06,1,one_time_buyer_proxy,0.2655023610877692,0.7082780330950594
user_000352,0.22,0,non_buyer_proxy,0.2714162911389858,0.7400885571205281
user_000353,0.38,0,nonbuyer_gray_zone,0.2714162911389858,0.7400885571205281
user_000354,0.54,1,buyer_gray_zone,0.2655023610877692,0.7082780330950594
user_000355,0.61,1,buyer_gray_zone,0.2655023610877692,0.7082780330950594
user_000356,0.39,0,nonbuyer_gray_zone,0.2714162911389858,0.7400885571205281
user_000357,0.08,0,non_buyer_proxy,0.2714162911389858,0.7400885571205281
user_000358,0.32,1,buyer_gray_zone,0.2655023610877692,0.7082780330950594
user_000359,0.36,1,buyer_gray_zone,0.2655023610877692,0.7082780330950594
user_000360,0.73,1,potential_repeater_proxy,0.2655023610877692,0.7082780330950594
user_000361,0.51,1,buyer_gray_zone,0.2655023610877692,0.7082780330950594
user_000362,0.2,1,one_time_buyer_proxy,0.2655023610877692,0.7082780330950594
user_000363,0.93,0,potential_buyer_proxy,0.2714162911389858,0.7400885571205281
user_000364,0.43,0,nonbuyer_gray_zone,0.2714162911389858,0.7400885571205281
user_000365,0.43,1,buyer_gray_zone,0.2655023610877692,0.7082780330950594
user_000366,0.8,1,potential_repeater_proxy,0.2655023610877692,0.7082780330950594
user_000367,0.11,1,one_time_buyer_proxy,0.2655023610877692,0.7082780330950594
user_000368,0.94,1,potential_repeater_proxy,0.2655023610877692,0.7082780330950594
user_000369,0.38,0,nonbuyer_gray_zone,0.2714162911389858,0.7400885571205281
user_000370,0.68,1,buyer_gray_zone,0.2655023610877692,0.7082780330950594
user_000371,0.55,1,buyer_gray_zone,0.2655023610877692,0.7082780330950594
user_000372,0.82,0,potential_buyer_proxy,0.2714162911389858,0.7400885571205281
user_000373,0.13,1,one_time_buyer_proxy,0.2655023610877692,0.7082780330950594
user_000374,0.06,0,non_buyer_proxy,0.2714162911389858,0.7400885571205281
user_000375,0.52,1,buyer_gray_zone,0.2655023610877692,0.7082780330950594
user_000376,0.58,0,nonbuyer_gray_zone,0.2714162911389858,0.7400885571205281
user_000377,0.47,0,nonbuyer_gray_zone,0.2714162911389858,0.7400885571205281
user_000378,0.21,1,one_time_buyer_proxy,0.2655023610877692,0.7082780330950594
user_000379,0.15,1,one_time_buyer_proxy,0.2655023610877692,0.7082780330950594
user_000380,0.3,1,buyer_gray_zone,0.2655023610877692,0.7082780330950594
user_000381,0.5,1,buyer_gray_zone,0.2655023610877692,0.7082780330950594
user_000382,0.5,0,nonbuyer_gray_zone,0.2714162911389858,0.7400885571205281
user_000383,0.57,1,buyer_gray_zone,0.2655023610877692,0.7082780330950594
user_000384,0.78,1,potential_repeater_proxy,0.2655023610877692,0.7082780330950594
user_000385,0.99,1,potential_repeater_proxy,0.2655023610877692,0.7082780330950594
user_000386,0.18,0,non_buyer_proxy,0.2714162911389858,0.7400885571205281
user_000387,0.73,0,nonbuyer_gray_zone,0.2714162911389858,0.7400885571205281
user_000388,0.89,0,potential_buyer_proxy,0.2714162911389858,0.7400885571205281
user_000389,0.38,0,nonbuyer_gray_zone,0.2714162911389858,0.7400885571205281
user_000390,0.29,0,nonbuyer_gray_zone,0.2714162911389858,0.7400885571205281
user_000391,0.12,0,non_buyer_proxy,0.2714162911389858,0.7400885571205281
user_000392,0.15,0,non_buyer_proxy,0.2714162911389858,0.7400885571205281
user_000393,0.9,1,potential_repeater_proxy,0.2655023610877692,0.7082780330950594
user_000394,0.9,1,potential_repeater_proxy,0.2655023610877692,0.7082780330950594
user_000395,0.02,0,non_buyer_proxy,0.2714162911389858,0.7400885571205281
user_000396,0.06,0,non_buyer_proxy,0.2714162911389858,0.7400885571205281
user_000397,0.39,0,nonbuyer_gray_zone,0.2714162911389858,0.7400885571205281
user_000398,0.11,0,non_buyer_proxy,0.2714162911389858,0.7400885571205281
user_000399,0.6,0,nonbuyer_gray_zone,0.2714162911389858,0.7400885571205281
user_000400,0.47,1,buyer_gray_zone,0.2655023610877692,0.7082780330950594
user_000401,0.6,1,buyer_gray_zone,0.2655023610877692,0.7082780330950594
user_000402,0.6,0,nonbuyer_gray_zone,0.2714162911389858,0.7400885571205281
user_000403,0.52,0,nonbuyer_gray_zone,0.2714162911389858,0.7400885571205281
user_000404,0.24,1,one_time_buyer_proxy,0.2655023610877692,0.7082780330950594
user_000405,0.9,1,potential_repeater_proxy,0.2655023610877692,0.7082780330950594
user_000406,0.26,1,one_time_buyer_proxy,0.2655023610877692,0.7082780330950594
user_000407,0.26,1,one_time_buyer_proxy,0.2655023610877692,0.7082780330950594
user_000408,0.39,0,nonbuyer_gray_zone,0.2714162911389858,0.7400885571205281
user_000409,0.87,0,potential_buyer_proxy,0.2714162911389858,0.7400885571205281
user_000410,0.33,1,buyer_gray_zone,0.2655023610877692,0.7082780330950594
user_000411,0.11,1,one_time_buyer_proxy,0.2655023610877692,0.7082780330950594
user_000412,0.62,0,nonbuyer_gray_zone,0.2714162911389858,0.7400885571205281
user_000413,0.22,0,non_buyer_proxy,0.2714162911389858,0.7400885571205281
user_000414,0.65,0,nonbuyer_gray_zone,0.2714162911389858,0.7400885571205281
user_000415,0.39,0,nonbuyer_gray_zone,0.2714162911389858,0.7400885571205281
user_000416,0.19,0,non_buyer_proxy,0.2714162911389858,0.7400885571205281
user_000417,0.83,0,potential_buyer_proxy,0.2714162911389858,0.7400885571205281
user_000418,0.35,1,buyer_gray_zone,0.2655023610877692,0.7082780330950594
user_000419,0.75,1,potential_repeater_proxy,0.2655023610877692,0.7082780330950594
user_000420,0.28,0,nonbuyer_gray_zone,0.2714162911389858,0.7400885571205281
user_000421,0.01,0,non_buyer_proxy,0.2714162911389858,0.7400885571205281
user_000422,0.59,0,nonbuyer_gray_zone,0.2714162911389858,0.7400885571205281
user_000423,0.19,0,non_buyer_proxy,0.2714162911389858,0.7400885571205281
user_000424,0.1,0,non_buyer_proxy,0.2714162911389858,0.7400885571205281
user_000425,0.46,1,buyer_gray_zone,0.2655023610877692,0.7082780330950594
user_000426,0.64,0,nonbuyer_gray_zone,0.2714162911389858,0.7400885571205281
user_000427,0.65,1,buyer_gray_zone,0.2655023610877692,0.7082780330950594
user_000428,0.81,1,potential_repeater_proxy,0.2655023610877692,0.7082780330950594
user_000429,0.07,0,non_buyer_proxy,0.2714162911389858,0.7400885571205281
user_000430,0.57,1,buyer_gray_zone,0.2655023610877692,0.7082780330950594
user_000431,0.41,0,nonbuyer_gray_zone,0.2714162911389858,0.7400885571205281
user_000432,0.85,0,potential_buyer_proxy,0.2714162911389858,0.7400885571205281
user_000433,0.85,1,potential_repeater_proxy,0.2655023610877692,0.7082780330950594
user_000434,0.65,1,buyer_gray_zone,0.2655023610877692,0.7082780330950594
user_000435,0.31,1,buyer_gray_zone,0.2655023610877692,0.7082780330950594
user_000436,0.18,0,non_buyer_proxy,0.2714162911389858,0.7400885571205281
user_000437,0.11,1,one_time_buyer_proxy,0.2655023610877692,0.7082780330950594
user_000438,0.79,0,potential_buyer_proxy,0.2714162911389858,0.7400885571205281
user_000439,0.2,0,non_buyer_proxy,0.2714162911389858,0.7400885571205281
user_000440,0.79,1,potential_repeater_proxy,0.2655023610877692,0.7082780330950594
user_000441,0.33,0,nonbuyer_gray_zone,0.2714162911389858,0.7400885571205281
user_000442,0.11,0,non_buyer_proxy,0.2714162911389858,0.7400885571205281
user_000443,0.58,0,nonbuyer_gray_zone,0.2714162911389858,0.7400885571205281
user_000444,0.11,1,one_time_buyer_proxy,0.2655023610877692,0.7082780330950594
user_000445,0.11,1,one_time_buyer_proxy,0.2655023610877692,0.7082780330950594
user_000446,0.52,1,buyer_gray_zone,0.2655023610877692,0.7082780330950594
user_000447,0.13,1,one_time_buyer_proxy,0.2655023610877692,0.7082780330950594
user_000448,0.45,0,nonbuyer_gray_zone,0.2714162911389858,0.7400885571205281
user_000449,0.12,1,one_time_buyer_proxy,0.2655023610877692,0.7082780330950594
user_000450,0.37,1,buyer_gray_zone,0.2655023610877692,0.7082780330950594
user_000451,0.52,0,nonbuyer_gray_zone,0.2714162911389858,0.7400885571205281
user_000452,0.42,1,buyer_gray_zone,0.2655023610877692,0.7082780330950594
user_000453,0.06,0,non_buyer_proxy,0.2714162911389858,0.7400885571205281
user_000454,0.12,1,one_time_buyer_proxy,0.2655023610877692,0.7082780330950594
user_000455,0.32,1,buyer_gray_zone,0.2655023610877692,0.7082780330950594
user_000456,0.72,0,nonbuyer_gray_zone,0.2714162911389858,0.7400885571205281
user_000457,0.1,0,non_buyer_proxy,0.2714162911389858,0.7400885571205281
user_000458,0.1,1,one_time_buyer_proxy,0.2655023610877692,0.7082780330950594
user_000459,0.86,1,potential_repeater_proxy,0.2655023610877692,0.7082780330950594
user_000460,0.28,0,nonbuyer_gray_zone,0.2714162911389858,0.7400885571205281
user_000461,0.06,0,non_buyer_proxy,0.2714162911389858,0.7400885571205281
user_000462,0.59,0,nonbuyer_gray_zone,0.2714162911389858,0.7400885571205281
user_000463,0.71,0,nonbuyer_gray_zone,0.2714162911389858,0.7400885571205281
user_000464,0.11,0,non_buyer_proxy,0.2714162911389858,0.7400885571205281
user_000465,0.33,0,nonbuyer_gray_zone,0.2714162911389858,0.7400885571205281
user_000466,0.49,1,buyer_gray_zone,0.2655023610877692,0.7082780330950594
user_000467,0.78,1,potential_repeater_proxy,0.2655023610877692,0.7082780330950594
user_000468,0.69,0,nonbuyer_gray_zone,0.2714162911389858,0.7400885571205281
user_000469,0.46,0,nonbuyer_gray_zone,0.2714162911389858,0.7400885571205281
user_000470,0.18,0,non_buyer_proxy,0.2714162911389858,0.7400885571205281
user_000471,0.15,0,non_buyer_proxy,0.2714162911389858,0.7400885571205281
user_000472,0.29,0,nonbuyer_gray_zone,0.2714162911389858,0.7400885571205281
user_000473,0.13,1,one_time_buyer_proxy,0.2655023610877692,0.7082780330950594
user_000474,0.19,1,one_time_buyer_proxy,0.2655023610877692,0.7082780330950594
user_000475,0.33,1,buyer_gray_zone,0.2655023610877692,0.7082780330950594
user_000476,0.47,1,buyer_gray_zone,0.2655023610877692,0.7082780330950594
user_000477,0.45,0,nonbuyer_gray_zone,0.2714162911389858,0.7400885571205281
user_000478,0.04,0,non_buyer_proxy,0.2714162911389858,0.7400885571205281
user_000479,0.79,1,potential_repeater_proxy,0.2655023610877692,0.7082780330950594
user_000480,0.38,1,buyer_gray_zone,0.2655023610877692,0.7082780330950594
user_000481,0.99,1,potential_repeater_proxy,0.2655023610877692,0.7082780330950594
user_000482,0.04,1,one_time_buyer_proxy,0.2655023610877692,0.7082780330950594
user_000483,0.51,0,nonbuyer_gray_zone,0.2714162911389858,0.7400885571205281
user_000484,0.42,0,nonbuyer_gray_zone,0.2714162911389858,0.7400885571205281
user_000485,0.71,1,potential_repeater_proxy,0.2655023610877692,0.7082780330950594
user_000486,0.13,0,non_buyer_proxy,0.2714162911389858,0.7400885571205281
user_000487,0.6,0,nonbuyer_gray_zone,0.2714162911389858,0.7400885571205281
user_000488,0.3,1,buyer_gray_zone,0.2655023610877692,0.7082780330950594
user_000489,0.35,1,buyer_gray_zone,0.2655023610877692,0.7082780330950594
user_000490,0.36,0,nonbuyer_gray_zone,0.2714162911389858,0.7400885571205281
user_000491,0.69,1,buyer_gray_zone,0.2655023610877692,0.7082780330950594
user_000492,0.69,0,nonbuyer_gray_zone,0.2714162911389858,0.7400885571205281
user_000493,0.82,0,potential_buyer_proxy,0.2714162911389858,0.7400885571205281
user_000494,0.38,1,buyer_gray_zone,0.2655023610877692,0.7082780330950594
user_000495,0.56,1,buyer_gray_zone,0.2655023610877692,0.7082780330950594
user_000496,0.1,0,non_buyer_proxy,0.2714162911389858,0.7400885571205281
user_000497,0.59,0,nonbuyer_gray_zone,0.2714162911389858,0.7400885571205281
user_000498,0.81,1,potential_repeater_proxy,0.2655023610877692,0.7082780330950594
user_000499,0.52,0,nonbuyer_gray_zone,0.2714162911389858,0.7400885571205281
user_000500,0.16,0,non_buyer_proxy,0.2714162911389858,0.7400885571205281
user_000501,0.69,1,buyer_gray_zone,0.2655023610877692,0.7082780330950594
user_000502,0.36,0,nonbuyer_gray_zone,0.2714162911389858,0.7400885571205281
user_000503,0.2,0,non_buyer_proxy,0.2714162911389858,0.7400885571205281
user_000504,0.31,1,buyer_gray_zone,0.2655023610877692,0.7082780330950594
user_000505,0.63,1,buyer_gray_zone,0.2655023610877692,0.7082780330950594
user_000506,0.43,1,buyer_gray_zone,0.2655023610877692,0.7082780330950594
user_000507,0.52,1,buyer_gray_zone,0.2655023610877692,0.7082780330950594
user_000508,0.41,1,buyer_gray_zone,0.2655023610877692,0.7082780330950594
user_000509,0.78,1,potential_repeater_proxy,0.2655023610877692,0.7082780330950594
user_000510,0.55,1,buyer_gray_zone,0.2655023610877692,0.7082780330950594
user_000511,0.33,1,buyer_gray_zone,0.2655023610877692,0.7082780330950594
user_000512,0.6,0,nonbuyer_gray_zone,0.2714162911389858,0.7400885571205281
user_000513,0.94,1,potential_repeater_proxy,0.2655023610877692,0.7082780330950594
user_000514,0.28,1,buyer_gray_zone,0.2655023610877692,0.7082780330950594
user_000515,0.75,1,potential_repeater_proxy,0.2655023610877692,0.7082780330950594
user_000516,0.42,1,buyer_gray_zone,0.2655023610877692,0.7082780330950594
user_000517,0.85,0,potential_buyer_proxy,0.2714162911389858,0.7400885571205281
user_000518,0.84,1,potential_repeater_proxy,0.2655023610877692,0.7082780330950594
user_000519,0.92,1,potential_repeater_proxy,0.2655023610877692,0.7082780330950594
user_000520,0.38,0,nonbuyer_gray_zone,0.2714162911389858,0.7400885571205281
user_000521,0.68,1,buyer_gray_zone,0.2655023610877692,0.7082780330950594
user_000522,0.09,0,non_buyer_proxy,0.2714162911389858,0.7400885571205281
user_000523,0.2,0,non_buyer_proxy,0.2714162911389858,0.7400885571205281
user_000524,0.12,0,non_buyer_proxy,0.2714162911389858,0.7400885571205281
user_000525,0.67,0,nonbuyer_gray_zone,0.2714162911389858,0.7400885571205281
user_000526,0.95,1,potential_repeater_proxy,0.2655023610877692,0.7082780330950594
user_000527,0.08,0,non_buyer_proxy,0.2714162911389858,0.7400885571205281
user_000528,0.54,0,nonbuyer_gray_zone,0.2714162911389858,0.7400885571205281
user_000529,0.58,1,buyer_gray_zone,0.2655023610877692,0.7082780330950594
user_000530,0.65,1,buyer_gray_zone,0.2655023610877692,0.7082780330950594
user_000531,0.66,1,buyer_gray_zone,0.2655023610877692,0.7082780330950594
user_000532,0.35,1,buyer_gray_zone,0.2655023610877692,0.7082780330950594
user_000533,0.57,1,buyer_gray_zone,0.2655023610877692,0.7082780330950594
user_000534,0.87,1,potential_repeater_proxy,0.2655023610877692,0.7082780330950594
user_000535,0.51,1,buyer_gray_zone,0.2655023610877692,0.7082780330950594
user_000536,0.87,1,potential_repeater_proxy,0.2655023610877692,0.7082780330950594
user_000537,0.25,1,one_time_buyer_proxy,0.2655023610877692,0.7082780330950594
user_000538,0.38,1,buyer_gray_zone,0.2655023610877692,0.7082780330950594
user_000539,0.9,1,potential_repeater_proxy,0.2655023610877692,0.7082780330950594
user_000540,0.45,1,buyer_gray_zone,0.2655023610877692,0.7082780330950594
user_000541,0.18,0,non_buyer_proxy,0.2714162911389858,0.7400885571205281
user_000542,0.9,0,potential_buyer_proxy,0.2714162911389858,0.7400885571205281
user_000543,0.34,1,buyer_gray_zone,0.2655023610877692,0.7082780330950594
user_000544,0.94,0,potential_buyer_proxy,0.2714162911389858,0.7400885571205281
user_000545,0.68,0,nonbuyer_gray_zone,0.2714162911389858,0.7400885571205281
user_000546,0.23,0,non_buyer_proxy,0.2714162911389858,0.7400885571205281
user_000547,0.06,0,non_buyer_proxy,0.2714162911389858,0.7400885571205281
user_000548,0.42,0,nonbuyer_gray_zone,0.2714162911389858,0.7400885571205281
user_000549,0.86,1,potential_repeater_proxy,0.2655023610877692,0.7082780330950594
user_000550,0.53,1,buyer_gray_zone,0.2655023610877692,0.7082780330950594
user_000551,0.86,1,potential_repeater_proxy,0.2655023610877692,0.7082780330950594
user_000552,0.6,0,nonbuyer_gray_zone,0.2714162911389858,0.7400885571205281
user_000553,0.86,1,potential_repeater_proxy,0.2655023610877692,0.7082780330950594
user_000554,0.27,0,non_buyer_proxy,0.2714162911389858,0.7400885571205281
user_000555,0.42,1,buyer_gray_zone,0.2655023610877692,0.7082780330950594
user_000556,0.34,0,nonbuyer_gray_zone,0.2714162911389858,0.7400885571205281
user_000557,0.09,1,one_time_buyer_proxy,0.2655023610877692,0.7082780330950594
user_000558,0.06,1,one_time_buyer_proxy,0.2655023610877692,0.7082780330950594
user_000559,0.97,1,potential_repeater_proxy,0.2655023610877692,0.7082780330950594
user_000560,0.79,1,potential_repeater_proxy,0.2655023610877692,0.7082780330950594
user_000561,0.3,0,nonbuyer_gray_zone,0.2714162911389858,0.7400885571205281
user_000562,0.38,1,buyer_gray_zone,0.2655023610877692,0.7082780330950594
user_000563,0.17,1,one_time_buyer_proxy,0.2655023610877692,0.7082780330950594
user_000564,0.81,1,potential_repeater_proxy,0.2655023610877692,0.7082780330950594
user_000565,0.74,0,nonbuyer_gray_zone,0.2714162911389858,0.7400885571205281
user_000566,0.17,0,non_buyer_proxy,0.2714162911389858,0.7400885571205281
user_000567,0.22,0,non_buyer_proxy,0.2714162911389858,0.7400885571205281
user_000568,0.07,0,non_buyer_proxy,0.2714162911389858,0.7400885571205281
user_000569,0.06,0,non_buyer_proxy,0.2714162911389858,0.7400885571205281
user_000570,0.23,0,non_buyer_proxy,0.2714162911389858,0.7400885571205281
user_000571,0.18,0,non_buyer_proxy,0.2714162911389858,0.7400885571205281
user_000572,0.97,1,potential_repeater_proxy,0.2655023610877692,0.7082780330950594
user_000573,0.74,0,nonbuyer_gray_zone,0.2714162911389858,0.7400885571205281
user_000574,0.57,1,buyer_gray_zone,0.2655023610877692,0.7082780330950594
user_000575,0.86,1,potential_repeater_proxy,0.2655023610877692,0.7082780330950594
user_000576,0.92,0,potential_buyer_proxy,0.2714162911389858,0.7400885571205281
user_000577,0.3,0,nonbuyer_gray_zone,0.2714162911389858,0.7400885571205281
user_000578,0.52,1,buyer_gray_zone,0.2655023610877692,0.7082780330950594
user_000579,0.15,0,non_buyer_proxy,0.2714162911389858,0.7400885571205281
user_000580,0.79,0,potential_buyer_proxy,0.2714162911389858,0.7400885571205281
user_000581,0.63,1,buyer_gray_zone,0.2655023610877692,0.7082780330950594
user_000582,0.29,0,nonbuyer_gray_zone,0.2714162911389858,0.7400885571205281
user_000583,0.45,0,nonbuyer_gray_zone,0.2714162911389858,0.7400885571205281
user_000584,0.93,1,potential_repeater_proxy,0.2655023610877692,0.7082780330950594
user_000585,0.73,1,potential_repeater_proxy,0.2655023610877692,0.7082780330950594
user_000586,0.87,0,potential_buyer_proxy,0.2714162911389858,0.7400885571205281
user_000587,0.52,1,buyer_gray_zone,0.2655023610877692,0.7082780330950594
user_000588,0.12,0,non_buyer_proxy,0.2714162911389858,0.7400885571205281
user_000589,0.18,1,one_time_buyer_proxy,0.2655023610877692,0.7082780330950594
user_000590,0.44,1,buyer_gray_zone,0.2655023610877692,0.7082780330950594
user_000591,0.58,0,nonbuyer_gray_zone,0.2714162911389858,0.7400885571205281
user_000592,0.19,0,non_buyer_proxy,0.2714162911389858,0.7400885571205281
user_000593,0.12,0,non_buyer_proxy,0.2714162911389858,0.7400885571205281
user_000594,0.26,1,one_time_buyer_proxy,0.2655023610877692,0.7082780330950594
user_000595,0.68,1,buyer_gray_zone,0.2655023610877692,0.7082780330950594
user_000596,0.21,0,non_buyer_proxy,0.2714162911389858,0.7400885571205281
user_000597,0.19,1,one_time_buyer_proxy,0.2655023610877692,0.7082780330950594
user_000598,0.35,1,buyer_gray_zone,0.2655023610877692,0.7082780330950594
user_000599,0.29,0,nonbuyer_gray_zone,0.2714162911389858,0.7400885571205281
user_000600,0.11,0,non_buyer_proxy,0.2714162911389858,0.7400885571205281
user_000601,0.69,1,buyer_gray_zone,0.2655023610877692,0.7082780330950594
user_000602,0.62,0,nonbuyer_gray_zone,0.2714162911389858,0.7400885571205281
user_000603,0.29,0,nonbuyer_gray_zone,0.2714162911389858,0.7400885571205281
user_000604,0.31,1,buyer_gray_zone,0.2655023610877692,0.7082780330950594
user_000605,0.33,0,nonbuyer_gray_zone,0.2714162911389858,0.7400885571205281
user_000606,0.76,0,potential_buyer_proxy,0.2714162911389858,0.7400885571205281
user_000607,0.22,0,non_buyer_proxy,0.2714162911389858,0.7400885571205281
user_000608,0.81,1,potential_repeater_proxy,0.2655023610877692,0.7082780330950594
user_000609,0.2,1,one_time_buyer_proxy,0.2655023610877692,0.7082780330950594
user_000610,0.72,0,nonbuyer_gray_zone,0.2714162911389858,0.7400885571205281
user_000611,0.81,1,potential_repeater_proxy,0.2655023610877692,0.7082780330950594
user_000612,0.41,1,buyer_gray_zone,0.2655023610877692,0.7082780330950594
user_000613,0.51,0,nonbuyer_gray_zone,0.2714162911389858,0.7400885571205281
user_000614,0.5,1,buyer_gray_zone,0.2655023610877692,0.7082780330950594
user_000615,0.97,1,potential_repeater_proxy,0.2655023610877692,0.7082780330950594
user_000616,0.43,1,buyer_gray_zone,0.2655023610877692,0.7082780330950594
user_000617,0.37,0,nonbuyer_gray_zone,0.2714162911389858,0.7400885571205281
user_000618,0.63,1,buyer_gray_zone,0.2655023610877692,0.7082780330950594
user_000619,0.1,1,one_time_buyer_proxy,0.2655023610877692,0.7082780330950594
user_000620,0.15,0,non_buyer_proxy,0.2714162911389858,0.7400885571205281
user_000621,0.73,1,potential_repeater_proxy,0.2655023610877692,0.7082780330950594
user_000622,0.42,0,nonbuyer_gray_zone,0.2714162911389858,0.7400885571205281
user_000623,0.85,1,potential_repeater_proxy,0.2655023610877692,0.7082780330950594
user_000624,0.86,1,potential_repeater_proxy,0.2655023610877692,0.7082780330950594
user_000625,0.33,1,buyer_gray_zone,0.2655023610877692,0.7082780330950594
user_000626,0.46,1,buyer_gray_zone,0.2655023610877692,0.7082780330950594
user_000627,0.88,1,potential_repeater_proxy,0.2655023610877692,0.7082780330950594
user_000628,0.53,0,nonbuyer_gray_zone,0.2714162911389858,0.7400885571205281
user_000629,0.38,0,nonbuyer_gray_zone,0.2714162911389858,0.7400885571205281
user_000630,0.9,1,potential_repeater_proxy,0.2655023610877692,0.7082780330950594
user_000631,0.33,1,buyer_gray_zone,0.2655023610877692,0.7082780330950594
user_000632,0.74,0,nonbuyer_gray_zone,0.2714162911389858,0.7400885571205281
user_000633,0.93,1,potential_repeater_proxy,0.2655023610877692,0.7082780330950594
user_000634,0.22,1,one_time_buyer_proxy,0.2655023610877692,0.7082780330950594
user_000635,0.53,0,nonbuyer_gray_zone,0.2714162911389858,0.7400885571205281
user_000636,0.35,1,buyer_gray_zone,0.2655023610877692,0.7082780330950594
user_000637,0.77,1,potential_repeater_proxy,0.2655023610877692,0.7082780330950594
user_000638,0.17,0,non_buyer_proxy,0.2714162911389858,0.7400885571205281
user_000639,0.88,0,potential_buyer_proxy,0.2714162911389858,0.7400885571205281
user_000640,0.04,0,non_buyer_proxy,0.2714162911389858,0.7400885571205281
user_000641,0.05,0,non_buyer_proxy,0.2714162911389858,0.7400885571205281
user_000642,0.74,1,potential_repeater_proxy,0.2655023610877692,0.7082780330950594
user_000643,0.08,0,non_buyer_proxy,0.2714162911389858,0.7400885571205281
user_000644,0.46,0,nonbuyer_gray_zone,0.2714162911389858,0.7400885571205281
user_000645,0.38,1,buyer_gray_zone,0.2655023610877692,0.7082780330950594
user_000646,0.63,1,buyer_gray_zone,0.2655023610877692,0.7082780330950594
user_000647,0.74,0,nonbuyer_gray_zone,0.2714162911389858,0.7400885571205281
user_000648,0.66,0,nonbuyer_gray_zone,0.2714162911389858,0.7400885571205281
user_000649,0.91,1,potential_repeater_proxy,0.2655023610877692,0.7082780330950594
user_000650,0.14,0,non_buyer_proxy,0.2714162911389858,0.7400885571205281
user_000651,0.59,1,buyer_gray_zone,0.2655023610877692,0.7082780330950594
user_000652,0.09,0,non_buyer_proxy,0.2714162911389858,0.7400885571205281
user_000653,0.08,0,non_buyer_proxy,0.2714162911389858,0.7400885571205281
user_000654,0.64,0,nonbuyer_gray_zone,0.2714162911389858,0.7400885571205281
user_000655,0.94,1,potential_repeater_proxy,0.2655023610877692,0.7082780330950594
user_000656,0.37,0,nonbuyer_gray_zone,0.2714162911389858,0.7400885571205281
user_000657,0.13,0,non_buyer_proxy,0.2714162911389858,0.7400885571205281
user_000658,0.31,0,nonbuyer_gray_zone,0.2714162911389858,0.7400885571205281
user_000659,0.15,0,non_buyer_proxy,0.2714162911389858,0.7400885571205281
user_000660,0.72,1,potential_repeater_proxy,0.2655023610877692,0.7082780330950594
user_000661,0.69,1,buyer_gray_zone,0.2655023610877692,0.7082780330950594
user_000662,0.41,0,nonbuyer_gray_zone,0.2714162911389858,0.7400885571205281
user_000663,0.17,1,one_time_buyer_proxy,0.2655023610877692,0.7082780330950594
user_000664,0.84,1,potential_repeater_proxy,0.2655023610877692,0.7082780330950594
user_000665,0.33,0,nonbuyer_gray_zone,0.2714162911389858,0.7400885571205281
user_000666,0.44,1,buyer_gray_zone,0.2655023610877692,0.7082780330950594
user_000667,0.89,1,potential_repeater_proxy,0.2655023610877692,0.7082780330950594
user_000668,0.92,1,potential_repeater_proxy,0.2655023610877692,0.7082780330950594
user_000669,0.63,0,nonbuyer_gray_zone,0.2714162911389858,0.7400885571205281
user_000670,0.26,0,non_buyer_proxy,0.2714162911389858,0.7400885571205281
user_000671,0.4,0,nonbuyer_gray_zone,0.2714162911389858,0.7400885571205281
user_000672,0.77,1,potential_repeater_proxy,0.2655023610877692,0.7082780330950594
user_000673,0.22,0,non_buyer_proxy,0.2714162911389858,0.7400885571205281
user_000674,0.53,1,buyer_gray_zone,0.2655023610877692,0.7082780330950594
user_000675,0.35,0,nonbuyer_gray_zone,0.2714162911389858,0.7400885571205281
user_000676,0.89,1,potential_repeater_proxy,0.2655023610877692,0.7082780330950594
user_000677,0.4,0,nonbuyer_gray_zone,0.2714162911389858,0.7400885571205281
user_000678,0.49,1,buyer_gray_zone,0.2655023610877692,0.7082780330950594
user_000679,0.96,0,potential_buyer_proxy,0.2714162911389858,0.7400885571205281
user_000680,0.79,1,potential_repeater_proxy,0.2655023610877692,0.7082780330950594
user_000681,0.87,1,potential_repeater_proxy,0.2655023610877692,0.7082780330950594
user_000682,0.3,1,buyer_gray_zone,0.2655023610877692,0.7082780330950594
user_000683,0.35,1,buyer_gray_zone,0.2655023610877692,0.7082780330950594
user_000684,0.66,0,nonbuyer_gray_zone,0.2714162911389858,0.7400885571205281
user_000685,0.51,1,buyer_gray_zone,0.2655023610877692,0.7082780330950594
user_000686,0.18,0,non_buyer_proxy,0.2714162911389858,0.7400885571205281
user_000687,0.1,0,non_buyer_proxy,0.2714162911389858,0.7400885571205281
user_000688,0.54,0,nonbuyer_gray_zone,0.2714162911389858,0.7400885571205281
user_000689,0.28,0,nonbuyer_gray_zone,0.2714162911389858,0.7400885571205281
user_000690,0.54,0,nonbuyer_gray_zone,0.2714162911389858,0.7400885571205281
user_000691,0.14,1,one_time_buyer_proxy,0.2655023610877692,0.7082780330950594
user_000692,0.51,1,buyer_gray_zone,0.2655023610877692,0.7082780330950594
user_000693,0.6,1,buyer_gray_zone,0.2655023610877692,0.7082780330950594
user_000694,0.19,0,non_buyer_proxy,0.2714162911389858,0.7400885571205281
user_000695,0.7,1,buyer_gray_zone,0.2655023610877692,0.7082780330950594
user_000696,0.87,1,potential_repeater_proxy,0.2655023610877692,0.7082780330950594
user_000697,0.11,0,non_buyer_proxy,0.2714162911389858,0.7400885571205281
user_000698,0.36,1,buyer_gray_zone,0.2655023610877692,0.7082780330950594
user_000699,0.23,0,non_buyer_proxy,0.2714162911389858,0.7400885571205281
user_000700,0.27,1,buyer_gray_zone,0.2655023610877692,0.7082780330950594
user_000701,0.32,1,buyer_gray_zone,0.2655023610877692,0.7082780330950594
user_000702,0.93,1,potential_repeater_proxy,0.2655023610877692,0.7082780330950594
user_000703,0.65,1,buyer_gray_zone,0.2655023610877692,0.7082780330950594
user_000704,0.91,1,potential_repeater_proxy,0.2655023610877692,0.7082780330950594
user_000705,0.44,0,nonbuyer_gray_zone,0.2714162911389858,0.7400885571205281
user_000706,0.45,1,buyer_gray_zone,0.2655023610877692,0.7082780330950594
user_000707,0.23,0,non_buyer_proxy,0.2714162911389858,0.7400885571205281
user_000708,0.04,0,non_buyer_proxy,0.2714162911389858,0.7400885571205281
user_000709,0.07,1,one_time_buyer_proxy,0.2655023610877692,0.7082780330950594
user_000710,0.2,0,non_buyer_proxy,0.2714162911389858,0.7400885571205281
user_000711,0.55,1,buyer_gray_zone,0.2655023610877692,0.7082780330950594
user_000712,0.3,1,buyer_gray_zone,0.2655023610877692,0.7082780330950594
user_000713,0.28,0,nonbuyer_gray_zone,0.2714162911389858,0.7400885571205281
user_000714,0.92,1,potential_repeater_proxy,0.2655023610877692,0.7082780330950594
user_000715,0.7,1,buyer_gray_zone,0.2655023610877692,0.7082780330950594
user_000716,0.19,1,one_time_buyer_proxy,0.2655023610877692,0.7082780330950594
user_000717,0.55,1,buyer_gray_zone,0.2655023610877692,0.7082780330950594
user_000718,0.41,1,buyer_gray_zone,0.2655023610877692,0.7082780330950594
user_000719,0.92,1,potential_repeater_proxy,0.2655023610877692,0.7082780330950594
user_000720,0.59,0,nonbuyer_gray_zone,0.2714162911389858,0.7400885571205281
user_000721,0.14,0,non_buyer_proxy,0.2714162911389858,0.7400885571205281
user_000722,0.78,1,potential_repeater_proxy,0.2655023610877692,0.7082780330950594
user_000723,0.57,0,nonbuyer_gray_zone,0.2714162911389858,0.7400885571205281
user_000724,0.42,0,nonbuyer_gray_zone,0.2714162911389858,0.7400885571205281
user_000725,0.44,1,buyer_gray_zone,0.2655023610877692,0.7082780330950594
user_000726,0.79,1,potential_repeater_proxy,0.2655023610877692,0.7082780330950594
user_000727,0.61,0,nonbuyer_gray_zone,0.2714162911389858,0.7400885571205281
user_000728,0.07,0,non_buyer_proxy,0.2714162911389858,0.7400885571205281
user_000729,0.97,1,potential_repeater_proxy,0.2655023610877692,0.7082780330950594
user_000730,0.08,1,one_time_buyer_proxy,0.2655023610877692,0.7082780330950594
user_000731,0.15,0,non_buyer_proxy,0.2714162911389858,0.7400885571205281
user_000732,0.5,1,buyer_gray_zone,0.2655023610877692,0.7082780330950594
user_000733,0.52,0,nonbuyer_gray_zone,0.2714162911389858,0.7400885571205281
user_000734,0.32,1,buyer_gray_zone,0.2655023610877692,0.7082780330950594
user_000735,0.07,0,non_buyer_proxy,0.2714162911389858,0.7400885571205281
user_000736,0.29,1,buyer_gray_zone,0.2655023610877692,0.7082780330950594
user_000737,0.2,1,one_time_buyer_proxy,0.2655023610877692,0.7082780330950594
user_000738,0.75,1,potential_repeater_proxy,0.2655023610877692,0.7082780330950594
user_000739,0.44,0,nonbuyer_gray_zone,0.2714162911389858,0.7400885571205281
user_000740,0.67,0,nonbuyer_gray_zone,0.2714162911389858,0.7400885571205281
user_000741,0.39,0,nonbuyer_gray_zone,0.2714162911389858,0.7400885571205281
user_000742,0.92,1,potential_repeater_proxy,0.2655023610877692,0.7082780330950594
user_000743,0.49,1,buyer_gray_zone,0.2655023610877692,0.7082780330950594
user_000744,0.17,0,non_buyer_proxy,0.2714162911389858,0.7400885571205281
user_000745,0.65,1,buyer_gray_zone,0.2655023610877692,0.7082780330950594
user_000746,0.11,0,non_buyer_proxy,0.2714162911389858,0.7400885571205281
user_000747,0.07,1,one_time_buyer_proxy,0.2655023610877692,0.7082780330950594
user_000748,0.48,0,nonbuyer_gray_zone,0.2714162911389858,0.7400885571205281
user_000749,0.34,0,nonbuyer_gray_zone,0.2714162911389858,0.7400885571205281
user_000750,0.04,0,non_buyer_proxy,0.2714162911389858,0.7400885571205281
user_000751,0.38,1,buyer_gray_zone,0.2655023610877692,0.7082780330950594
user_000752,0.97,1,potential_repeater_proxy,0.2655023610877692,0.7082780330950594
user_000753,0.84,1,potential_repeater_proxy,0.2655023610877692,0.7082780330950594
user_000754,0.12,0,non_buyer_proxy,0.2714162911389858,0.7400885571205281
user_000755,0.34,0,nonbuyer_gray_zone,0.2714162911389858,0.7400885571205281
user_000756,0.96,0,potential_buyer_proxy,0.2714162911389858,0.7400885571205281
user_000757,0.28,0,nonbuyer_gray_zone,0.2714162911389858,0.7400885571205281
user_000758,0.57,1,buyer_gray_zone,0.2655023610877692,0.7082780330950594
user_000759,0.78,0,potential_buyer_proxy,0.2714162911389858,0.7400885571205281
user_000760,0.08,0,non_buyer_proxy,0.2714162911389858,0.7400885571205281
user_000761,0.95,1,potential_repeater_proxy,0.2655023610877692,0.7082780330950594
user_000762,0.29,0,nonbuyer_gray_zone,0.2714162911389858,0.7400885571205281
user_000763,0.06,0,non_buyer_proxy,0.2714162911389858,0.7400885571205281
user_000764,0.55,1,buyer_gray_zone,0.2655023610877692,0.7082780330950594
user_000765,0.53,1,buyer_gray_zone,0.2655023610877692,0.7082780330950594
user_000766,0.63,0,nonbuyer_gray_zone,0.2714162911389858,0.7400885571205281
user_000767,0.47,1,buyer_gray_zone,0.2655023610877692,0.7082780330950594
user_000768,0.9,1,potential_repeater_proxy,0.2655023610877692,0.7082780330950594
user_000769,0.06,1,one_time_buyer_proxy,0.2655023610877692,0.7082780330950594
user_000770,0.21,0,non_buyer_proxy,0.2714162911389858,0.7400885571205281
user_000771,0.2,1,one_time_buyer_proxy,0.2655023610877692,0.7082780330950594
user_000772,0.33,1,buyer_gray_zone,0.2655023610877692,0.7082780330950594
user_000773,0.17,0,non_buyer_proxy,0.2714162911389858,0.7400885571205281
user_000774,0.82,0,potential_buyer_proxy,0.2714162911389858,0.7400885571205281
user_000775,0.12,0,non_buyer_proxy,0.2714162911389858,0.7400885571205281
user_000776,0.18,0,non_buyer_proxy,0.2714162911389858,0.7400885571205281
user_000777,0.12,1,one_time_buyer_proxy,0.2655023610877692,0.7082780330950594
user_000778,0.27,1,buyer_gray_zone,0.2655023610877692,0.7082780330950594
user_000779,0.94,1,potential_repeater_proxy,0.2655023610877692,0.7082780330950594
user_000780,0.18,0,non_buyer_proxy,0.2714162911389858,0.7400885571205281
user_000781,0.48,1,buyer_gray_zone,0.2655023610877692,0.7082780330950594
user_000782,0.73,0,nonbuyer_gray_zone,0.2714162911389858,0.7400885571205281
user_000783,0.61,0,nonbuyer_gray_zone,0.2714162911389858,0.7400885571205281
user_000784,0.48,1,buyer_gray_zone,0.2655023610877692,0.7082780330950594
user_000785,0.17,0,non_buyer_proxy,0.2714162911389858,0.7400885571205281
user_000786,0.85,1,potential_repeater_proxy,0.2655023610877692,0.7082780330950594
user_000787,0.2,0,non_buyer_proxy,0.2714162911389858,0.7400885571205281
user_000788,0.17,0,non_buyer_proxy,0.2714162911389858,0.7400885571205281
user_000789,0.5,0,nonbuyer_gray_zone,0.2714162911389858,0.7400885571205281
user_000790,0.03,0,non_buyer_proxy,0.2714162911389858,0.7400885571205281
user_000791,0.93,0,potential_buyer_proxy,0.2714162911389858,0.7400885571205281
user_000792,0.25,1,one_time_buyer_proxy,0.2655023610877692,0.7082780330950594
user_000793,0.91,0,potential_buyer_proxy,0.2714162911389858,0.7400885571205281
user_000794,0.1,0,non_buyer_proxy,0.2714162911389858,0.7400885571205281
user_000795,0.2,0,non_buyer_proxy,0.2714162911389858,0.7400885571205281
user_000796,0.08,1,one_time_buyer_proxy,0.2655023610877692,0.7082780330950594
user_000797,0.29,1,buyer_gray_zone,0.2655023610877692,0.7082780330950594
user_000798,0.72,1,potential_repeater_proxy,0.2655023610877692,0.7082780330950594
user_000799,0.61,0,nonbuyer_gray_zone,0.2714162911389858,0.7400885571205281
user_000800,0.41,0,nonbuyer_gray_zone,0.2714162911389858,0.7400885571205281
user_000801,0.06,0,non_buyer_proxy,0.2714162911389858,0.7400885571205281
user_000802,0.75,0,potential_buyer_proxy,0.2714162911389858,0.7400885571205281
user_000803,0.87,1,potential_repeater_proxy,0.2655023610877692,0.7082780330950594
user_000804,0.09,1,one_time_buyer_proxy,0.2655023610877692,0.7082780330950594
user_000805,0.8,1,potential_repeater_proxy,0.2655023610877692,0.7082780330950594
user_000806,0.44,1,buyer_gray_zone,0.2655023610877692,0.7082780330950594
user_000807,0.69,0,nonbuyer_gray_zone,0.2714162911389858,0.7400885571205281
user_000808,0.17,0,non_buyer_proxy,0.2714162911389858,0.7400885571205281
user_000809,0.16,1,one_time_buyer_proxy,0.2655023610877692,0.7082780330950594
user_000810,0.44,0,nonbuyer_gray_zone,0.2714162911389858,0.7400885571205281
user_000811,0.78,1,potential_repeater_proxy,0.2655023610877692,0.7082780330950594
user_000812,0.55,1,buyer_gray_zone,0.2655023610877692,0.7082780330950594
user_000813,0.64,1,buyer_gray_zone,0.2655023610877692,0.7082780330950594
user_000814,0.12,1,one_time_buyer_proxy,0.2655023610877692,0.7082780330950594
user_000815,0.28,1,buyer_gray_zone,0.2655023610877692,0.7082780330950594
user_000816,0.28,0,nonbuyer_gray_zone,0.2714162911389858,0.7400885571205281
user_000817,0.38,1,buyer_gray_zone,0.2655023610877692,0.7082780330950594
user_000818,0.76,0,potential_buyer_proxy,0.2714162911389858,0.7400885571205281
user_000819,0.1,0,non_buyer_proxy,0.2714162911389858,0.7400885571205281
user_000820,0.17,0,non_buyer_proxy,0.2714162911389858,0.7400885571205281
user_000821,0.02,1,one_time_buyer_proxy,0.2655023610877692,0.7082780330950594
user_000822,0.12,0,non_buyer_proxy,0.2714162911389858,0.7400885571205281
user_000823,0.72,0,nonbuyer_gray_zone,0.2714162911389858,0.7400885571205281
user_000824,0.1,0,non_buyer_proxy,0.2714162911389858,0.7400885571205281
user_000825,0.36,1,buyer_gray_zone,0.2655023610877692,0.7082780330950594
user_000826,0.86,1,potential_repeater_proxy,0.2655023610877692,0.7082780330950594
user_000827,0.63,0,nonbuyer_gray_zone,0.2714162911389858,0.7400885571205281
user_000828,0.36,1,buyer_gray_zone,0.2655023610877692,0.7082780330950594
user_000829,0.31,1,buyer_gray_zone,0.2655023610877692,0.7082780330950594
user_000830,0.84,1,potential_repeater_proxy,0.2655023610877692,0.7082780330950594
user_000831,0.91,1,potential_repeater_proxy,0.2655023610877692,0.7082780330950594
user_000832,0.36,1,buyer_gray_zone,0.2655023610877692,0.7082780330950594
user_000833,0.85,1,potential_repeater_proxy,0.2655023610877692,0.7082780330950594
user_000834,0.13,0,non_buyer_proxy,0.2714162911389858,0.7400885571205281
user_000835,0.12,1,one_time_buyer_proxy,0.2655023610877692,0.7082780330950594
user_000836,0.7,0,nonbuyer_gray_zone,0.2714162911389858,0.7400885571205281
user_000837,0.7,1,buyer_gray_zone,0.2655023610877692,0.7082780330950594
user_000838,0.4,0,nonbuyer_gray_zone,0.2714162911389858,0.7400885571205281
user_000839,0.09,0,non_buyer_proxy,0.2714162911389858,0.7400885571205281
user_000840,0.12,0,non_buyer_proxy,0.2714162911389858,0.7400885571205281
user_000841,0.47,0,nonbuyer_gray_zone,0.2714162911389858,0.7400885571205281
user_000842,0.35,0,nonbuyer_gray_zone,0.2714162911389858,0.7400885571205281
user_000843,0.61,1,buyer_gray_zone,0.2655023610877692,0.7082780330950594
user_000844,0.27,0,non_buyer_proxy,0.2714162911389858,0.7400885571205281
user_000845,0.26,1,one_time_buyer_proxy,0.2655023610877692,0.7082780330950594
user_000846,0.35,0,nonbuyer_gray_zone,0.2714162911389858,0.7400885571205281
user_000847,0.33,1,buyer_gray_zone,0.2655023610877692,0.7082780330950594
user_000848,0.46,0,nonbuyer_gray_zone,0.2714162911389858,0.7400885571205281
user_000849,0.78,1,potential_repeater_proxy,0.2655023610877692,0.7082780330950594
user_000850,0.15,1,one_time_buyer_proxy,0.2655023610877692,0.7082780330950594
user_000851,0.57,1,buyer_gray_zone,0.2655023610877692,0.7082780330950594
user_000852,0.43,0,nonbuyer_gray_zone,0.2714162911389858,0.7400885571205281
user_000853,0.39,1,buyer_gray_zone,0.2655023610877692,0.7082780330950594
user_000854,0.08,0,non_buyer_proxy,0.2714162911389858,0.7400885571205281
user_000855,0.01,0,non_buyer_proxy,0.2714162911389858,0.7400885571205281
user_000856,0.38,0,nonbuyer_gray_zone,0.2714162911389858,0.7400885571205281
user_000857,0.13,1,one_time_buyer_proxy,0.2655023610877692,0.7082780330950594
user_000858,0.95,1,potential_repeater_proxy,0.2655023610877692,0.7082780330950594
user_000859,0.23,0,non_buyer_proxy,0.2714162911389858,0.7400885571205281
user_000860,0.85,1,potential_repeater_proxy,0.2655023610877692,0.7082780330950594
user_000861,0.71,0,nonbuyer_gray_zone,0.2714162911389858,0.7400885571205281
user_000862,0.63,0,nonbuyer_gray_zone,0.2714162911389858,0.7400885571205281
user_000863,0.88,1,potential_repeater_proxy,0.2655023610877692,0.7082780330950594
user_000864,0.84,0,potential_buyer_proxy,0.2714162911389858,0.7400885571205281
user_000865,0.44,1,buyer_gray_zone,0.2655023610877692,0.7082780330950594
user_000866,0.24,1,one_time_buyer_proxy,0.2655023610877692,0.7082780330950594
user_000867,0.46,0,nonbuyer_gray_zone,0.2714162911389858,0.7400885571205281
user_000868,0.1,0,non_buyer_proxy,0.2714162911389858,0.7400885571205281
user_000869,0.25,0,non_buyer_proxy,0.2714162911389858,0.7400885571205281
user_000870,0.56,1,buyer_gray_zone,0.2655023610877692,0.7082780330950594
user_000871,0.27,0,non_buyer_proxy,0.2714162911389858,0.7400885571205281
user_000872,0.38,1,buyer_gray_zone,0.2655023610877692,0.7082780330950594
user_000873,0.32,1,buyer_gray_zone,0.2655023610877692,0.7082780330950594
user_000874,0.86,0,potential_buyer_proxy,0.2714162911389858,0.7400885571205281
user_000875,0.32,1,buyer_gray_zone,0.2655023610877692,0.7082780330950594
user_000876,0.07,1,one_time_buyer_proxy,0.2655023610877692,0.7082780330950594
user_000877,0.27,0,non_buyer_proxy,0.2714162911389858,0.7400885571205281
user_000878,0.88,0,potential_buyer_proxy,0.2714162911389858,0.7400885571205281
user_000879,0.93,1,potential_repeater_proxy,0.2655023610877692,0.7082780330950594
user_000880,0.42,0,nonbuyer_gray_zone,0.2714162911389858,0.7400885571205281
user_000881,0.51,1,buyer_gray_zone,0.2655023610877692,0.7082780330950594
user_000882,0.04,0,non_buyer_proxy,0.2714162911389858,0.7400885571205281
user_000883,0.25,1,one_time_buyer_proxy,0.2655023610877692,0.7082780330950594
user_000884,0.21,0,non_buyer_proxy,0.2714162911389858,0.7400885571205281
user_000885,0.85,1,potential_repeater_proxy,0.2655023610877692,0.7082780330950594
user_000886,0.57,1,buyer_gray_zone,0.2655023610877692,0.7082780330950594
user_000887,0.49,0,nonbuyer_gray_zone,0.2714162911389858,0.7400885571205281
user_000888,0.09,1,one_time_buyer_proxy,0.2655023610877692,0.7082780330950594
user_000889,0.24,1,one_time_buyer_proxy,0.2655023610877692,0.7082780330950594
user_000890,0.71,0,nonbuyer_gray_zone,0.2714162911389858,0.7400885571205281
user_000891,0.38,0,nonbuyer_gray_zone,0.2714162911389858,0.7400885571205281
user_000892,0.91,0,potential_buyer_proxy,0.2714162911389858,0.7400885571205281
user_000893,0.51,1,buyer_gray_zone,0.2655023610877692,0.7082780330950594
user_000894,0.54,1,buyer_gray_zone,0.2655023610877692,0.7082780330950594
user_000895,0.39,0,nonbuyer_gray_zone,0.2714162911389858,0.7400885571205281
user_000896,0.92,1,potential_repeater_proxy,0.2655023610877692,0.7082780330950594
user_000897,0.25,1,one_time_buyer_proxy,0.2655023610877692,0.7082780330950594
user_000898,0.15,0,non_buyer_proxy,0.2714162911389858,0.7400885571205281
user_000899,0.22,0,non_buyer_proxy,0.2714162911389858,0.7400885571205281
user_000900,0.95,1,potential_repeater_proxy,0.2655023610877692,0.7082780330950594
user_000901,0.75,1,potential_repeater_proxy,0.2655023610877692,0.7082780330950594
user_000902,0.63,0,nonbuyer_gray_zone,0.2714162911389858,0.7400885571205281
user_000903,0.08,1,one_time_buyer_proxy,0.2655023610877692,0.7082780330950594
user_000904,0.23,1,one_time_buyer_proxy,0.2655023610877692,0.7082780330950594
user_000905,0.75,1,potential_repeater_proxy,0.2655023610877692,0.7082780330950594
user_000906,0.13,0,non_buyer_proxy,0.2714162911389858,0.7400885571205281
user_000907,0.33,0,nonbuyer_gray_zone,0.2714162911389858,0.7400885571205281
user_000908,0.26,0,non_buyer_proxy,0.2714162911389858,0.7400885571205281
user_000909,0.64,1,buyer_gray_zone,0.2655023610877692,0.7082780330950594
user_000910,0.51,1,buyer_gray_zone,0.2655023610877692,0.7082780330950594
user_000911,0.43,0,nonbuyer_gray_zone,0.2714162911389858,0.7400885571205281
user_000912,0.64,0,nonbuyer_gray_zone,0.2714162911389858,0.7400885571205281
user_000913,0.63,0,nonbuyer_gray_zone,0.2714162911389858,0.7400885571205281
user_000914,0.75,0,potential_buyer_proxy,0.2714162911389858,0.7400885571205281
user_000915,0.59,1,buyer_gray_zone,0.2655023610877692,0.7082780330950594
user_000916,0.25,0,non_buyer_proxy,0.2714162911389858,0.7400885571205281
user_000917,0.21,0,non_buyer_proxy,0.2714162911389858,0.7400885571205281
user_000918,0.3,1,buyer_gray_zone,0.2655023610877692,0.7082780330950594
user_000919,0.47,1,buyer_gray_zone,0.2655023610877692,0.7082780330950594
user_000920,0.5,0,nonbuyer_gray_zone,0.2714162911389858,0.7400885571205281
user_000921,0.72,0,nonbuyer_gray_zone,0.2714162911389858,0.7400885571205281
user_000922,0.19,1,one_time_buyer_proxy,0.2655023610877692,0.7082780330950594
user_000923,0.79,1,potential_repeater_proxy,0.2655023610877692,0.7082780330950594
user_000924,0.65,0,nonbuyer_gray_zone,0.2714162911389858,0.7400885571205281
user_000925,0.07,0,non_buyer_proxy,0.2714162911389858,0.7400885571205281
user_000926,0.23,1,one_time_buyer_proxy,0.2655023610877692,0.7082780330950594
user_000927,0.51,0,nonbuyer_gray_zone,0.2714162911389858,0.7400885571205281
user_000928,0.77,0,potential_buyer_proxy,0.2714162911389858,0.7400885571205281
user_000929,0.07,0,non_buyer_proxy,0.2714162911389858,0.7400885571205281
user_000930,0.85,1,potential_repeater_proxy,0.2655023610877692,0.7082780330950594
user_000931,0.06,1,one_time_buyer_proxy,0.2655023610877692,0.7082780330950594
user_000932,0.51,1,buyer_gray_zone,0.2655023610877692,0.7082780330950594
user_000933,0.65,1,buyer_gray_zone,0.2655023610877692,0.7082780330950594
user_000934,0.43,0,nonbuyer_gray_zone,0.2714162911389858,0.7400885571205281
user_000935,0.77,0,potential_buyer_proxy,0.2714162911389858,0.7400885571205281
user_000936,0.06,0,non_buyer_proxy,0.2714162911389858,0.7400885571205281
user_000937,0.24,0,non_buyer_proxy,0.2714162911389858,0.7400885571205281
user_000938,0.66,0,nonbuyer_gray_zone,0.2714162911389858,0.7400885571205281
user_000939,0.17,1,one_time_buyer_proxy,0.2655023610877692,0.7082780330950594
user_000940,0.9,1,potential_repeater_proxy,0.2655023610877692,0.7082780330950594
user_000941,0.41,0,nonbuyer_gray_zone,0.2714162911389858,0.7400885571205281
user_000942,0.37,0,nonbuyer_gray_zone,0.2714162911389858,0.7400885571205281
user_000943,0.02,0,non_buyer_proxy,0.2714162911389858,0.7400885571205281
user_000944,0.49,1,buyer_gray_zone,0.2655023610877692,0.7082780330950594
user_000945,0.22,1,one_time_buyer_proxy,0.2655023610877692,0.7082780330950594
user_000946,0.41,1,buyer_gray_zone,0.2655023610877692,0.7082780330950594
user_000947,0.77,1,potential_repeater_proxy,0.2655023610877692,0.7082780330950594
user_000948,0.88,1,potential_repeater_proxy,0.2655023610877692,0.7082780330950594
user_000949,0.87,1,potential_repeater_proxy,0.2655023610877692,0.7082780330950594
user_000950,0.97,1,potential_repeater_proxy,0.2655023610877692,0.7082780330950594
user_000951,0.04,0,non_buyer_proxy,0.2714162911389858,0.7400885571205281
user_000952,0.55,1,buyer_gray_zone,0.2655023610877692,0.7082780330950594
user_000953,0.82,0,potential_buyer_proxy,0.2714162911389858,0.7400885571205281
user_000954,0.53,0,nonbuyer_gray_zone,0.2714162911389858,0.7400885571205281
user_000955,0.6,0,nonbuyer_gray_zone,0.2714162911389858,0.7400885571205281
user_000956,0.44,0,nonbuyer_gray_zone,0.2714162911389858,0.7400885571205281
user_000957,0.39,0,nonbuyer_gray_zone,0.2714162911389858,0.7400885571205281
user_000958,0.96,1,potential_repeater_proxy,0.2655023610877692,0.7082780330950594
user_000959,0.9,1,potential_repeater_proxy,0.2655023610877692,0.7082780330950594
user_000960,0.4,0,nonbuyer_gray_zone,0.2714162911389858,0.7400885571205281
user_000961,0.17,1,one_time_buyer_proxy,0.2655023610877692,0.7082780330950594
user_000962,0.85,1,potential_repeater_proxy,0.2655023610877692,0.7082780330950594
user_000963,0.77,1,potential_repeater_proxy,0.2655023610877692,0.7082780330950594
user_000964,0.33,0,nonbuyer_gray_zone,0.2714162911389858,0.7400885571205281
user_000965,0.83,1,potential_repeater_proxy,0.2655023610877692,0.7082780330950594
user_000966,0.33,0,nonbuyer_gray_zone,0.2714162911389858,0.7400885571205281
user_000967,0.37,0,nonbuyer_gray_zone,0.2714162911389858,0.7400885571205281
user_000968,0.44,1,buyer_gray_zone,0.2655023610877692,0.7082780330950594
user_000969,0.65,0,nonbuyer_gray_zone,0.2714162911389858,0.7400885571205281
user_000970,0.11,0,non_buyer_proxy,0.2714162911389858,0.7400885571205281
user_000971,0.09,0,non_buyer_proxy,0.2714162911389858,0.7400885571205281
user_000972,0.62,0,nonbuyer_gray_zone,0.2714162911389858,0.7400885571205281
user_000973,0.71,0,nonbuyer_gray_zone,0.2714162911389858,0.7400885571205281
user_000974,0.62,1,buyer_gray_zone,0.2655023610877692,0.7082780330950594
user_000975,0.13,0,non_buyer_proxy,0.2714162911389858,0.7400885571205281
user_000976,0.85,1,potential_repeater_proxy,0.2655023610877692,0.7082780330950594
user_000977,0.48,1,buyer_gray_zone,0.2655023610877692,0.7082780330950594
user_000978,0.97,0,potential_buyer_proxy,0.2714162911389858,0.7400885571205281
user_000979,0.71,0,nonbuyer_gray_zone,0.2714162911389858,0.7400885571205281
user_000980,0.39,0,nonbuyer_gray_zone,0.2714162911389858,0.7400885571205281
user_000981,0.23,1,one_time_buyer_proxy,0.2655023610877692,0.7082780330950594
user_000982,0.89,1,potential_repeater_proxy,0.2655023610877692,0.7082780330950594
user_000983,0.48,0,nonbuyer_gray_zone,0.2714162911389858,0.7400885571205281
user_000984,0.96,1,potential_repeater_proxy,0.2655023610877692,0.7082780330950594
user_000985,0.68,1,buyer_gray_zone,0.2655023610877692,0.7082780330950594
user_000986,0.34,0,nonbuyer_gray_zone,0.2714162911389858,0.7400885571205281
user_000987,0.92,1,potential_repeater_proxy,0.2655023610877692,0.7082780330950594
user_000988,0.16,0,non_buyer_proxy,0.2714162911389858,0.7400885571205281
user_000989,0.08,0,non_buyer_proxy,0.2714162911389858,0.7400885571205281
user_000990,0.6,1,buyer_gray_zone,0.2655023610877692,0.7082780330950594
user_000991,0.12,0,non_buyer_proxy,0.2714162911389858,0.7400885571205281
user_000992,0.24,0,non_buyer_proxy,0.2714162911389858,0.7400885571205281
user_000993,0.06,1,one_time_buyer_proxy,0.2655023610877692,0.7082780330950594
user_000994,0.51,0,nonbuyer_gray_zone,0.2714162911389858,0.7400885571205281
user_000995,0.33,0,nonbuyer_gray_zone,0.2714162911389858,0.7400885571205281
user_000996,0.04,0,non_buyer_proxy,0.2714162911389858,0.7400885571205281
user_000997,0.37,1,buyer_gray_zone,0.2655023610877692,0.7082780330950594
user_000998,0.71,0,nonbuyer_gray_zone,0.2714162911389858,0.7400885571205281
user_000999,0.39,0,nonbuyer_gray_zone,0.2714162911389858,0.7400885571205281
user_001000,0.17,0,non_buyer_proxy,0.2714162911389858,0.7400885571205281
user_001001,0.84,1,potential_repeater_proxy,0.2655023610877692,0.7082780330950594
user_001002,0.89,1,potential_repeater_proxy,0.2655023610877692,0.7082780330950594
user_001003,0.69,1,buyer_gray_zone,0.2655023610877692,0.7082780330950594
user_001004,0.82,0,potential_buyer_proxy,0.2714162911389858,0.7400885571205281
user_001005,0.23,0,non_buyer_proxy,0.2714162911389858,0.7400885571205281
user_001006,0.48,0,nonbuyer_gray_zone,0.2714162911389858,0.7400885571205281
user_001007,0.69,0,nonbuyer_gray_zone,0.2714162911389858,0.7400885571205281
user_001008,0.4,0,nonbuyer_gray_zone,0.2714162911389858,0.7400885571205281
user_001009,0.12,0,non_buyer_proxy,0.2714162911389858,0.7400885571205281
user_001010,0.23,0,non_buyer_proxy,0.2714162911389858,0.7400885571205281
user_001011,0.91,1,potential_repeater_proxy,0.2655023610877692,0.7082780330950594
user_001012,0.8,1,potential_repeater_proxy,0.2655023610877692,0.7082780330950594
user_001013,0.78,1,potential_repeater_proxy,0.2655023610877692,0.7082780330950594
user_001014,0.19,0,non_buyer_proxy,0.2714162911389858,0.7400885571205281
user_001015,0.26,0,non_buyer_proxy,0.2714162911389858,0.7400885571205281
user_001016,0.64,0,nonbuyer_gray_zone,0.2714162911389858,0.7400885571205281
user_001017,0.53,0,nonbuyer_gray_zone,0.2714162911389858,0.7400885571205281
user_001018,0.18,1,one_time_buyer_proxy,0.2655023610877692,0.7082780330950594
user_001019,0.29,1,buyer_gray_zone,0.2655023610877692,0.7082780330950594
user_001020,0.4,0,nonbuyer_gray_zone,0.2714162911389858,0.7400885571205281
user_001021,0.6,0,nonbuyer_gray_zone,0.2714162911389858,0.7400885571205281
user_001022,0.02,0,non_buyer_proxy,0.2714162911389858,0.7400885571205281
user_001023,0.91,1,potential_repeater_proxy,0.2655023610877692,0.7082780330950594
user_001024,0.31,1,buyer_gray_zone,0.2655023610877692,0.7082780330950594
user_001025,0.86,0,potential_buyer_proxy,0.2714162911389858,0.7400885571205281
user_001026,0.13,1,one_time_buyer_proxy,0.2655023610877692,0.7082780330950594
user_001027,0.89,1,potential_repeater_proxy,0.2655023610877692,0.7082780330950594
user_001028,0.41,0,nonbuyer_gray_zone,0.2714162911389858,0.7400885571205281
user_001029,0.97,0,potential_buyer_proxy,0.2714162911389858,0.7400885571205281
user_001030,0.42,0,nonbuyer_gray_zone,0.2714162911389858,0.7400885571205281
user_001031,0.59,1,buyer_gray_zone,0.2655023610877692,0.7082780330950594
user_001032,0.08,0,non_buyer_proxy,0.2714162911389858,0.7400885571205281
user_001033,0.06,0,non_buyer_proxy,0.2714162911389858,0.7400885571205281
user_001034,0.96,1,potential_repeater_proxy,0.2655023610877692,0.7082780330950594
user_001035,0.89,1,potential_repeater_proxy,0.2655023610877692,0.7082780330950594
user_001036,0.56,1,buyer_gray_zone,0.2655023610877692,0.7082780330950594
user_001037,0.79,1,potential_repeater_proxy,0.2655023610877692,0.7082780330950594
user_001038,0.54,0,nonbuyer_gray_zone,0.2714162911389858,0.7400885571205281
user_001039,0.19,0,non_buyer_proxy,0.2714162911389858,0.7400885571205281
user_001040,0.59,1,buyer_gray_zone,0.2655023610877692,0.7082780330950594
user_001041,0.34,1,buyer_gray_zone,0.2655023610877692,0.7082780330950594
user_001042,0.06,1,one_time_buyer_proxy,0.2655023610877692,0.7082780330950594
user_001043,0.6,1,buyer_gray_zone,0.2655023610877692,0.7082780330950594
user_001044,0.23,1,one_time_buyer_proxy,0.2655023610877692,0.7082780330950594
user_001045,0.38,0,nonbuyer_gray_zone,0.2714162911389858,0.7400885571205281
user_001046,0.3,0,nonbuyer_gray_zone,0.2714162911389858,0.7400885571205281
user_001047,0.35,0,nonbuyer_gray_zone,0.2714162911389858,0.7400885571205281
user_001048,0.38,0,nonbuyer_gray_zone,0.2714162911389858,0.7400885571205281
user_001049,0.09,0,non_buyer_proxy,0.2714162911389858,0.7400885571205281
user_001050,0.38,0,nonbuyer_gray_zone,0.2714162911389858,0.7400885571205281
user_001051,0.43,1,buyer_gray_zone,0.2655023610877692,0.7082780330950594
user_001052,0.35,0,nonbuyer_gray_zone,0.2714162911389858,0.7400885571205281
user_001053,0.12,1,one_time_buyer_proxy,0.2655023610877692,0.7082780330950594
user_001054,0.81,1,potential_repeater_proxy,0.2655023610877692,0.7082780330950594
user_001055,0.62,1,buyer_gray_zone,0.2655023610877692,0.7082780330950594
user_001056,0.85,0,potential_buyer_proxy,0.2714162911389858,0.7400885571205281
user_001057,0.84,1,potential_repeater_proxy,0.2655023610877692,0.7082780330950594
user_001058,0.55,1,buyer_gray_zone,0.2655023610877692,0.7082780330950594
user_001059,0.02,0,non_buyer_proxy,0.2714162911389858,0.7400885571205281
user_001060,0.66,0,nonbuyer_gray_zone,0.2714162911389858,0.7400885571205281
user_001061,0.59,1,buyer_gray_zone,0.2655023610877692,0.7082780330950594
user_001062,0.28,0,nonbuyer_gray_zone,0.2714162911389858,0.7400885571205281
user_001063,0.84,0,potential_buyer_proxy,0.2714162911389858,0.7400885571205281
user_001064,0.58,0,nonbuyer_gray_zone,0.2714162911389858,0.7400885571205281
user_001065,0.43,0,nonbuyer_gray_zone,0.2714162911389858,0.7400885571205281
user_001066,0.04,1,one_time_buyer_proxy,0.2655023610877692,0.7082780330950594
user_001067,0.47,0,nonbuyer_gray_zone,0.2714162911389858,0.7400885571205281
user_001068,0.15,0,non_buyer_proxy,0.2714162911389858,0.7400885571205281
user_001069,0.07,0,non_buyer_proxy,0.2714162911389858,0.7400885571205281
user_001070,0.66,0,nonbuyer_gray_zone,0.2714162911389858,0.7400885571205281
user_001071,0.91,1,potential_repeater_proxy,0.2655023610877692,0.7082780330950594
user_001072,0.51,0,nonbuyer_gray_zone,0.2714162911389858,0.7400885571205281
user_001073,0.48,0,nonbuyer_gray_zone,0.2714162911389858,0.7400885571205281
user_001074,0.19,0,non_buyer_proxy,0.2714162911389858,0.7400885571205281
user_001075,0.18,0,non_buyer_proxy,0.2714162911389858,0.7400885571205281
user_001076,0.21,0,non_buyer_proxy,0.2714162911389858,0.7400885571205281
user_001077,0.97,1,potential_repeater_proxy,0.2655023610877692,0.7082780330950594
user_001078,0.52,0,nonbuyer_gray_zone,0.2714162911389858,0.7400885571205281
user_001079,0.12,1,one_time_buyer_proxy,0.2655023610877692,0.7082780330950594
user_001080,0.15,0,non_buyer_proxy,0.2714162911389858,0.7400885571205281
user_001081,0.58,1,buyer_gray_zone,0.2655023610877692,0.7082780330950594
user_001082,0.21,1,one_time_buyer_proxy,0.2655023610877692,0.7082780330950594
user_001083,0.42,0,nonbuyer_gray_zone,0.2714162911389858,0.7400885571205281
user_001084,0.61,1,buyer_gray_zone,0.2655023610877692,0.7082780330950594
user_001085,0.15,1,one_time_buyer_proxy,0.2655023610877692,0.7082780330950594
user_001086,0.75,1,potential_repeater_proxy,0.2655023610877692,0.7082780330950594
user_001087,0.53,1,buyer_gray_zone,0.2655023610877692,0.7082780330950594
user_001088,0.34,0,nonbuyer_gray_zone,0.2714162911389858,0.7400885571205281
user_001089,0.44,1,buyer_gray_zone,0.2655023610877692,0.7082780330950594
user_001090,0.05,0,non_buyer_proxy,0.2714162911389858,0.7400885571205281
user_001091,0.28,0,nonbuyer_gray_zone,0.2714162911389858,0.7400885571205281
user_001092,0.72,1,potential_repeater_proxy,0.2655023610877692,0.7082780330950594
user_001093,0.77,1,potential_repeater_proxy,0.2655023610877692,0.7082780330950594
user_001094,0.18,0,non_buyer_proxy,0.2714162911389858,0.7400885571205281
user_001095,0.4,0,nonbuyer_gray_zone,0.2714162911389858,0.7400885571205281
user_001096,0.56,0,nonbuyer_gray_zone,0.2714162911389858,0.7400885571205281
user_001097,0.87,0,potential_buyer_proxy,0.2714162911389858,0.7400885571205281
user_001098,0.92,1,potential_repeater_proxy,0.2655023610877692,0.7082780330950594
user_001099,0.37,1,buyer_gray_zone,0.2655023610877692,0.7082780330950594
user_001100,0.1,0,non_buyer_proxy,0.2714162911389858,0.7400885571205281
user_001101,0.44,1,buyer_gray_zone,0.2655023610877692,0.7082780330950594
user_001102,0.96,1,potential_repeater_proxy,0.2655023610877692,0.7082780330950594
user_001103,0.53,1,buyer_gray_zone,0.2655023610877692,0.7082780330950594
user_001104,0.72,1,potential_repeater_proxy,0.2655023610877692,0.7082780330950594
user_001105,0.41,0,nonbuyer_gray_zone,0.2714162911389858,0.7400885571205281
user_001106,0.26,0,non_buyer_proxy,0.2714162911389858,0.7400885571205281
user_001107,0.08,1,one_time_buyer_proxy,0.2655023610877692,0.7082780330950594
user_001108,0.56,0,nonbuyer_gray_zone,0.2714162911389858,0.7400885571205281
user_001109,0.81,1,potential_repeater_proxy,0.2655023610877692,0.7082780330950594
user_001110,0.62,0,nonbuyer_gray_zone,0.2714162911389858,0.7400885571205281
user_001111,0.09,1,one_time_buyer_proxy,0.2655023610877692,0.7082780330950594
user_001112,0.33,1,buyer_gray_zone,0.2655023610877692,0.7082780330950594
user_001113,0.08,0,non_buyer_proxy,0.2714162911389858,0.7400885571205281
user_001114,0.21,0,non_buyer_proxy,0.2714162911389858,0.7400885571205281
user_001115,0.13,0,non_buyer_proxy,0.2714162911389858,0.7400885571205281
user_001116,0.95,1,potential_repeater_proxy,0.2655023610877692,0.7082780330950594
user_001117,0.74,1,potential_repeater_proxy,0.2655023610877692,0.7082780330950594
user_001118,0.83,1,potential_repeater_proxy,0.2655023610877692,0.7082780330950594
user_001119,0.1,1,one_time_buyer_proxy,0.2655023610877692,0.7082780330950594
user_001120,0.13,0,non_buyer_proxy,0.2714162911389858,0.7400885571205281
user_001121,0.25,0,non_buyer_proxy,0.2714162911389858,0.7400885571205281
user_001122,0.78,1,potential_repeater_proxy,0.2655023610877692,0.7082780330950594
user_001123,0.65,0,nonbuyer_gray_zone,0.2714162911389858,0.7400885571205281
user_001124,0.35,1,buyer_gray_zone,0.2655023610877692,0.7082780330950594
user_001125,0.81,1,potential_repeater_proxy,0.2655023610877692,0.7082780330950594
user_001126,0.92,0,potential_buyer_proxy,0.2714162911389858,0.7400885571205281
user_001127,0.89,1,potential_repeater_proxy,0.2655023610877692,0.7082780330950594
user_001128,0.4,1,buyer_gray_zone,0.2655023610877692,0.7082780330950594
user_001129,0.44,1,buyer_gray_zone,0.2655023610877692,0.7082780330950594
user_001130,0.03,0,non_buyer_proxy,0.2714162911389858,0.7400885571205281
user_001131,0.66,1,buyer_gray_zone,0.2655023610877692,0.7082780330950594
user_001132,0.56,0,nonbuyer_gray_zone,0.2714162911389858,0.7400885571205281
user_001133,0.2,0,non_buyer_proxy,0.2714162911389858,0.7400885571205281
user_001134,0.75,1,potential_repeater_proxy,0.2655023610877692,0.7082780330950594
user_001135,0.33,0,nonbuyer_gray_zone,0.2714162911389858,0.7400885571205281
user_001136,0.74,1,potential_repeater_proxy,0.2655023610877692,0.7082780330950594
user_001137,0.47,1,buyer_gray_zone,0.2655023610877692,0.7082780330950594
user_001138,0.55,1,buyer_gray_zone,0.2655023610877692,0.7082780330950594
user_001139,0.6,1,buyer_gray_zone,0.2655023610877692,0.7082780330950594
user_001140,0.14,0,non_buyer_proxy,0.2714162911389858,0.7400885571205281
user_001141,0.08,0,non_buyer_proxy,0.2714162911389858,0.7400885571205281
user_001142,0.69,0,nonbuyer_gray_zone,0.2714162911389858,0.7400885571205281
user_001143,0.76,0,potential_buyer_proxy,0.2714162911389858,0.7400885571205281
user_001144,0.7,0,nonbuyer_gray_zone,0.2714162911389858,0.7400885571205281
user_001145,0.26,1,one_time_buyer_proxy,0.2655023610877692,0.7082780330950594
user_001146,0.33,0,nonbuyer_gray_zone,0.2714162911389858,0.7400885571205281
user_001147,0.03,0,non_buyer_proxy,0.2714162911389858,0.7400885571205281
user_001148,0.38,0,nonbuyer_gray_zone,0.2714162911389858,0.7400885571205281
user_001149,0.6,1,buyer_gray_zone,0.2655023610877692,0.7082780330950594
user_001150,0.87,1,potential_repeater_proxy,0.2655023610877692,0.7082780330950594
user_001151,0.29,0,nonbuyer_gray_zone,0.2714162911389858,0.7400885571205281
user_001152,0.25,0,non_buyer_proxy,0.2714162911389858,0.7400885571205281
user_001153,0.82,1,potential_repeater_proxy,0.2655023610877692,0.7082780330950594
user_001154,0.97,1,potential_repeater_proxy,0.2655023610877692,0.7082780330950594
user_001155,0.72,0,nonbuyer_gray_zone,0.2714162911389858,0.7400885571205281
user_001156,0.1,0,non_buyer_proxy,0.2714162911389858,0.7400885571205281
user_001157,0.51,0,nonbuyer_gray_zone,0.2714162911389858,0.7400885571205281
user_001158,0.85,1,potential_repeater_proxy,0.2655023610877692,0.7082780330950594
user_001159,0.14,0,non_buyer_proxy,0.2714162911389858,0.7400885571205281
user_001160,0.23,1,one_time_buyer_proxy,0.2655023610877692,0.7082780330950594
user_001161,0.47,0,nonbuyer_gray_zone,0.2714162911389858,0.7400885571205281
user_001162,0.92,1,potential_repeater_proxy,0.2655023610877692,0.7082780330950594
user_001163,0.89,0,potential_buyer_proxy,0.2714162911389858,0.7400885571205281
user_001164,0.84,1,potential_repeater_proxy,0.2655023610877692,0.7082780330950594
user_001165,0.66,0,nonbuyer_gray_zone,0.2714162911389858,0.7400885571205281
user_001166,0.08,1,one_time_buyer_proxy,0.2655023610877692,0.7082780330950594
user_001167,0.63,0,nonbuyer_gray_zone,0.2714162911389858,0.7400885571205281
user_001168,0.42,0,nonbuyer_gray_zone,0.2714162911389858,0.7400885571205281
user_001169,0.07,1,one_time_buyer_proxy,0.2655023610877692,0.7082780330950594
user_001170,0.17,1,one_time_buyer_proxy,0.2655023610877692,0.7082780330950594
user_001171,0.58,0,nonbuyer_gray_zone,0.2714162911389858,0.7400885571205281
user_001172,0.98,1,potential_repeater_proxy,0.2655023610877692,0.7082780330950594
user_001173,0.18,0,non_buyer_proxy,0.2714162911389858,0.7400885571205281
user_001174,0.15,0,non_buyer_proxy,0.2714162911389858,0.7400885571205281
user_001175,0.17,0,non_buyer_proxy,0.2714162911389858,0.7400885571205281
user_001176,0.08,0,non_buyer_proxy,0.2714162911389858,0.7400885571205281
user_001177,0.42,1,buyer_gray_zone,0.2655023610877692,0.7082780330950594
user_001178,0.9,1,potential_repeater_proxy,0.2655023610877692,0.7082780330950594
user_001179,0.43,0,nonbuyer_gray_zone,0.2714162911389858,0.7400885571205281
user_001180,0.22,0,non_buyer_proxy,0.2714162911389858,0.7400885571205281
user_001181,0.24,1,one_time_buyer_proxy,0.2655023610877692,0.7082780330950594
user_001182,0.18,0,non_buyer_proxy,0.2714162911389858,0.7400885571205281
user_001183,0.7,0,nonbuyer_gray_zone,0.2714162911389858,0.7400885571205281
user_001184,0.19,0,non_buyer_proxy,0.2714162911389858,0.7400885571205281
user_001185,0.79,1,potential_repeater_proxy,0.2655023610877692,0.7082780330950594
user_001186,0.76,1,potential_repeater_proxy,0.2655023610877692,0.7082780330950594
user_001187,0.05,0,non_buyer_proxy,0.2714162911389858,0.7400885571205281
user_001188,0.61,0,nonbuyer_gray_zone,0.2714162911389858,0.7400885571205281
user_001189,0.5,0,nonbuyer_gray_zone,0.2714162911389858,0.7400885571205281
user_001190,0.02,1,one_time_buyer_proxy,0.2655023610877692,0.7082780330950594
user_001191,0.28,0,nonbuyer_gray_zone,0.2714162911389858,0.7400885571205281
user_001192,0.87,1,potential_repeater_proxy,0.2655023610877692,0.7082780330950594
user_001193,0.94,1,potential_repeater_proxy,0.2655023610877692,0.7082780330950594
user_001194,0.04,0,non_buyer_proxy,0.2714162911389858,0.7400885571205281
user_001195,0.75,0,potential_buyer_proxy,0.2714162911389858,0.7400885571205281
user_001196,0.31,0,nonbuyer_gray_zone,0.2714162911389858,0.7400885571205281
user_001197,0.09,0,non_buyer_proxy,0.2714162911389858,0.7400885571205281
user_001198,0.61,1,buyer_gray_zone,0.2655023610877692,0.7082780330950594
user_001199,0.09,1,one_time_buyer_proxy,0.2655023610877692,0.7082780330950594
user_001200,0.26,0,non_buyer_proxy,0.2714162911389858,0.7400885571205281
user_001201,0.49,1,buyer_gray_zone,0.2655023610877692,0.7082780330950594
user_001202,0.48,0,nonbuyer_gray_zone,0.2714162911389858,0.7400885571205281
user_001203,0.16,1,one_time_buyer_proxy,0.2655023610877692,0.7082780330950594
user_001204,0.73,1,potential_repeater_proxy,0.2655023610877692,0.7082780330950594
user_001205,0.09,1,one_time_buyer_proxy,0.2655023610877692,0.7082780330950594
user_001206,0.86,1,potential_repeater_proxy,0.2655023610877692,0.7082780330950594
user_001207,0.5,1,buyer_gray_zone,0.2655023610877692,0.7082780330950594
user_001208,0.72,1,potential_repeater_proxy,0.2655023610877692,0.7082780330950594
user_001209,0.58,0,nonbuyer_gray_zone,0.2714162911389858,0.7400885571205281
user_001210,0.17,0,non_buyer_proxy,0.2714162911389858,0.7400885571205281
user_001211,0.89,1,potential_repeater_proxy,0.2655023610877692,0.7082780330950594
user_001212,0.08,0,non_buyer_proxy,0.2714162911389858,0.7400885571205281
user_001213,0.16,1,one_time_buyer_proxy,0.2655023610877692,0.7082780330950594
user_001214,0.4,1,buyer_gray_zone,0.2655023610877692,0.7082780330950594
user_001215,0.1,1,one_time_buyer_proxy,0.2655023610877692,0.7082780330950594
user_001216,0.11,0,non_buyer_proxy,0.2714162911389858,0.7400885571205281
user_001217,0.04,0,non_buyer_proxy,0.2714162911389858,0.7400885571205281
user_001218,0.85,1,potential_repeater_proxy,0.2655023610877692,0.7082780330950594
user_001219,0.37,1,buyer_gray_zone,0.2655023610877692,0.7082780330950594
user_001220,0.91,1,potential_repeater_proxy,0.2655023610877692,0.7082780330950594
user_001221,0.18,0,non_buyer_proxy,0.2714162911389858,0.7400885571205281
user_001222,0.69,1,buyer_gray_zone,0.2655023610877692,0.7082780330950594
user_001223,0.05,0,non_buyer_proxy,0.2714162911389858,0.7400885571205281
user_001224,0.13,0,non_buyer_proxy,0.2714162911389858,0.7400885571205281
user_001225,0.96,0,potential_buyer_proxy,0.2714162911389858,0.7400885571205281
user_001226,0.56,1,buyer_gray_zone,0.2655023610877692,0.7082780330950594
user_001227,0.37,0,nonbuyer_gray_zone,0.2714162911389858,0.7400885571205281
user_001228,0.24,1,one_time_buyer_proxy,0.2655023610877692,0.7082780330950594
user_001229,0.14,0,non_buyer_proxy,0.2714162911389858,0.7400885571205281
user_001230,0.22,1,one_time_buyer_proxy,0.2655023610877692,0.7082780330950594
user_001231,0.54,0,nonbuyer_gray_zone,0.2714162911389858,0.7400885571205281
user_001232,0.93,1,potential_repeater_proxy,0.2655023610877692,0.7082780330950594
user_001233,0.81,0,potential_buyer_proxy,0.2714162911389858,0.7400885571205281
user_001234,0.62,1,buyer_gray_zone,0.2655023610877692,0.7082780330950594
user_001235,0.55,1,buyer_gray_zone,0.2655023610877692,0.7082780330950594
user_001236,0.33,0,nonbuyer_gray_zone,0.2714162911389858,0.7400885571205281
user_001237,0.79,1,potential_repeater_proxy,0.2655023610877692,0.7082780330950594
user_001238,0.78,0,potential_buyer_proxy,0.2714162911389858,0.7400885571205281
user_001239,0.25,0,non_buyer_proxy,0.2714162911389858,0.7400885571205281
user_001240,0.85,1,potential_repeater_proxy,0.2655023610877692,0.7082780330950594
user_001241,0.83,0,potential_buyer_proxy,0.2714162911389858,0.7400885571205281
user_001242,0.18,0,non_buyer_proxy,0.2714162911389858,0.7400885571205281
user_001243,0.19,0,non_buyer_proxy,0.2714162911389858,0.7400885571205281
user_001244,0.93,1,potential_repeater_proxy,0.2655023610877692,0.7082780330950594
user_001245,0.01,1,one_time_buyer_proxy,0.2655023610877692,0.7082780330950594
user_001246,0.18,0,non_buyer_proxy,0.2714162911389858,0.7400885571205281
user_001247,0.22,1,one_time_buyer_proxy,0.2655023610877692,0.7082780330950594
user_001248,0.56,0,nonbuyer_gray_zone,0.2714162911389858,0.7400885571205281
user_001249,0.88,1,potential_repeater_proxy,0.2655023610877692,0.7082780330950594
user_001250,0.04,0,non_buyer_proxy,0.2714162911389858,0.7400885571205281
user_001251,0.65,1,buyer_gray_zone,0.2655023610877692,0.7082780330950594
user_001252,0.68,0,nonbuyer_gray_zone,0.2714162911389858,0.7400885571205281
user_001253,0.22,1,one_time_buyer_proxy,0.2655023610877692,0.7082780330950594
user_001254,0.86,1,potential_repeater_proxy,0.2655023610877692,0.7082780330950594
user_001255,0.44,1,buyer_gray_zone,0.2655023610877692,0.7082780330950594
user_001256,0.93,1,potential_repeater_proxy,0.2655023610877692,0.7082780330950594
user_001257,0.56,1,buyer_gray_zone,0.2655023610877692,0.7082780330950594
user_001258,0.45,1,buyer_gray_zone,0.2655023610877692,0.7082780330950594
user_001259,0.65,0,nonbuyer_gray_zone,0.2714162911389858,0.7400885571205281
user_001260,0.86,1,potential_repeater_proxy,0.2655023610877692,0.7082780330950594
user_001261,0.92,1,potential_repeater_proxy,0.2655023610877692,0.7082780330950594
user_001262,0.08,0,non_buyer_proxy,0.2714162911389858,0.7400885571205281
user_001263,0.85,0,potential_buyer_proxy,0.2714162911389858,0.7400885571205281
user_001264,0.37,1,buyer_gray_zone,0.2655023610877692,0.7082780330950594
user_001265,0.96,0,potential_buyer_proxy,0.2714162911389858,0.7400885571205281
user_001266,0.59,0,nonbuyer_gray_zone,0.2714162911389858,0.7400885571205281
user_001267,0.04,0,non_buyer_proxy,0.2714162911389858,0.7400885571205281
user_001268,0.39,1,buyer_gray_zone,0.2655023610877692,0.7082780330950594
user_001269,0.23,0,non_buyer_proxy,0.2714162911389858,0.7400885571205281
user_001270,0.91,0,potential_buyer_proxy,0.2714162911389858,0.7400885571205281
user_001271,0.35,1,buyer_gray_zone,0.2655023610877692,0.7082780330950594
user_001272,0.1,0,non_buyer_proxy,0.2714162911389858,0.7400885571205281
user_001273,0.77,1,potential_repeater_proxy,0.2655023610877692,0.7082780330950594
user_001274,0.61,0,nonbuyer_gray_zone,0.2714162911389858,0.7400885571205281
user_001275,0.28,0,nonbuyer_gray_zone,0.2714162911389858,0.7400885571205281
user_001276,0.41,1,buyer_gray_zone,0.2655023610877692,0.7082780330950594
user_001277,0.87,1,potential_repeater_proxy,0.2655023610877692,0.7082780330950594
user_001278,0.85,1,potential_repeater_proxy,0.2655023610877692,0.7082780330950594
user_001279,0.09,0,non_buyer_proxy,0.2714162911389858,0.7400885571205281
user_001280,0.09,1,one_time_buyer_proxy,0.2655023610877692,0.7082780330950594
user_001281,0.9,0,potential_buyer_proxy,0.2714162911389858,0.7400885571205281
user_001282,0.44,0,nonbuyer_gray_zone,0.2714162911389858,0.7400885571205281
user_001283,0.5,1,buyer_gray_zone,0.2655023610877692,0.7082780330950594
user_001284,0.06,0,non_buyer_proxy,0.2714162911389858,0.7400885571205281
user_001285,0.59,1,buyer_gray_zone,0.2655023610877692,0.7082780330950594
user_001286,0.05,0,non_buyer_proxy,0.2714162911389858,0.7400885571205281
user_001287,0.56,1,buyer_gray_zone,0.2655023610877692,0.7082780330950594
user_001288,0.04,0,non_buyer_proxy,0.2714162911389858,0.7400885571205281
user_001289,0.84,0,potential_buyer_proxy,0.2714162911389858,0.7400885571205281
user_001290,0.51,1,buyer_gray_zone,0.2655023610877692,0.7082780330950594
user_001291,0.06,1,one_time_buyer_proxy,0.2655023610877692,0.7082780330950594
user_001292,0.94,0,potential_buyer_proxy,0.2714162911389858,0.7400885571205281
user_001293,0.12,1,one_time_buyer_proxy,0.2655023610877692,0.7082780330950594
user_001294,0.27,1,buyer_gray_zone,0.2655023610877692,0.7082780330950594
user_001295,0.13,0,non_buyer_proxy,0.2714162911389858,0.7400885571205281
user_001296,0.66,0,nonbuyer_gray_zone,0.2714162911389858,0.7400885571205281
user_001297,0.14,0,non_buyer_proxy,0.2714162911389858,0.7400885571205281
user_001298,0.04,0,non_buyer_proxy,0.2714162911389858,0.7400885571205281
user_001299,0.87,0,potential_buyer_proxy,0.2714162911389858,0.7400885571205281
user_001300,0.43,0,nonbuyer_gray_zone,0.2714162911389858,0.7400885571205281
